Company Name,Industry,Symbol,Series,ISIN Code,Capitalization
ACC Ltd.,CEMENT & CEMENT PRODUCTS,ACC,EQ,INE012A01025,LARGE
Abbott India Ltd.,PHARMA,ABBOTINDIA,EQ,INE358A01014,LARGE
Adani Green Energy Ltd.,POWER,ADANIGREEN,EQ,INE364U01010,LARGE
Adani Ports and Special Economic Zone Ltd.,SERVICES,ADANIPORTS,EQ,INE742F01042,LARGE
Adani Transmission Ltd.,POWER,ADANITRANS,EQ,INE931S01010,LARGE
Alkem Laboratories Ltd.,PHARMA,ALKEM,EQ,INE540L01014,LARGE
Ambuja Cements Ltd.,CEMENT & CEMENT PRODUCTS,AMBUJACEM,EQ,INE079A01024,LARGE
Asian Paints Ltd.,CONSUMER GOODS,ASIANPAINT,EQ,INE021A01026,LARGE
Aurobindo Pharma Ltd.,PHARMA,AUROPHARMA,EQ,INE406A01037,LARGE
Avenue Supermarts Ltd.,CONSUMER GOODS,DMART,EQ,INE192R01011,LARGE
Axis Bank Ltd.,FINANCIAL SERVICES,AXISBANK,EQ,INE238A01034,LARGE
Bajaj Auto Ltd.,AUTOMOBILE,BAJAJ-AUTO,EQ,INE917I01010,LARGE
Bajaj Finance Ltd.,FINANCIAL SERVICES,BAJFINANCE,EQ,INE296A01024,LARGE
Bajaj Finserv Ltd.,FINANCIAL SERVICES,BAJAJFINSV,EQ,INE918I01018,LARGE
Bajaj Holdings & Investment Ltd.,FINANCIAL SERVICES,BAJAJHLDNG,EQ,INE118A01012,LARGE
Bandhan Bank Ltd.,FINANCIAL SERVICES,BANDHANBNK,EQ,INE545U01014,LARGE
Bank of Baroda,FINANCIAL SERVICES,BANKBARODA,EQ,INE028A01039,LARGE
Berger Paints India Ltd.,CONSUMER GOODS,BERGEPAINT,EQ,INE463A01038,LARGE
Bharat Petroleum Corporation Ltd.,OIL & GAS,BPCL,EQ,INE029A01011,LARGE
Bharti Airtel Ltd.,TELECOM,BHARTIARTL,EQ,INE397D01024,LARGE
Bharti Infratel Ltd.,TELECOM,INFRATEL,EQ,INE121J01017,LARGE
Biocon Ltd.,PHARMA,BIOCON,EQ,INE376G01013,LARGE
Bosch Ltd.,AUTOMOBILE,BOSCHLTD,EQ,INE323A01026,LARGE
Britannia Industries Ltd.,CONSUMER GOODS,BRITANNIA,EQ,INE216A01030,LARGE
Cadila Healthcare Ltd.,PHARMA,CADILAHC,EQ,INE010B01027,LARGE
Cipla Ltd.,PHARMA,CIPLA,EQ,INE059A01026,LARGE
Coal India Ltd.,METALS,COALINDIA,EQ,INE522F01014,LARGE
Colgate Palmolive (India) Ltd.,CONSUMER GOODS,COLPAL,EQ,INE259A01022,LARGE
Container Corporation of India Ltd.,SERVICES,CONCOR,EQ,INE111A01025,LARGE
DLF Ltd.,CONSTRUCTION,DLF,EQ,INE271C01023,LARGE
Dabur India Ltd.,CONSUMER GOODS,DABUR,EQ,INE016A01026,LARGE
Divi's Laboratories Ltd.,PHARMA,DIVISLAB,EQ,INE361B01024,LARGE
Dr. Reddy's Laboratories Ltd.,PHARMA,DRREDDY,EQ,INE089A01023,LARGE
Eicher Motors Ltd.,AUTOMOBILE,EICHERMOT,EQ,INE066A01021,LARGE
GAIL (India) Ltd.,OIL & GAS,GAIL,EQ,INE129A01019,LARGE
General Insurance Corporation of India,FINANCIAL SERVICES,GICRE,EQ,INE481Y01014,LARGE
Godrej Consumer Products Ltd.,CONSUMER GOODS,GODREJCP,EQ,INE102D01028,LARGE
Grasim Industries Ltd.,CEMENT & CEMENT PRODUCTS,GRASIM,EQ,INE047A01021,LARGE
HCL Technologies Ltd.,IT,HCLTECH,EQ,INE860A01027,LARGE
HDFC Asset Management Company Ltd.,FINANCIAL SERVICES,HDFCAMC,EQ,INE127D01025,LARGE
HDFC Bank Ltd.,FINANCIAL SERVICES,HDFCBANK,EQ,INE040A01034,LARGE
HDFC Life Insurance Company Ltd.,FINANCIAL SERVICES,HDFCLIFE,EQ,INE795G01014,LARGE
Havells India Ltd.,CONSUMER GOODS,HAVELLS,EQ,INE176B01034,LARGE
Hero MotoCorp Ltd.,AUTOMOBILE,HEROMOTOCO,EQ,INE158A01026,LARGE
Hindalco Industries Ltd.,METALS,HINDALCO,EQ,INE038A01020,LARGE
Hindustan Petroleum Corporation Ltd.,OIL & GAS,HINDPETRO,EQ,INE094A01015,LARGE
Hindustan Unilever Ltd.,CONSUMER GOODS,HINDUNILVR,EQ,INE030A01027,LARGE
Hindustan Zinc Ltd.,METALS,HINDZINC,EQ,INE267A01025,LARGE
Housing Development Finance Corporation Ltd.,FINANCIAL SERVICES,HDFC,EQ,INE001A01036,LARGE
ICICI Bank Ltd.,FINANCIAL SERVICES,ICICIBANK,EQ,INE090A01021,LARGE
ICICI Lombard General Insurance Company Ltd.,FINANCIAL SERVICES,ICICIGI,EQ,INE765G01017,LARGE
ICICI Prudential Life Insurance Company Ltd.,FINANCIAL SERVICES,ICICIPRULI,EQ,INE726G01019,LARGE
ITC Ltd.,CONSUMER GOODS,ITC,EQ,INE154A01025,LARGE
Indian Oil Corporation Ltd.,OIL & GAS,IOC,EQ,INE242A01010,LARGE
Indraprastha Gas Ltd.,OIL & GAS,IGL,EQ,INE203G01027,LARGE
IndusInd Bank Ltd.,FINANCIAL SERVICES,INDUSINDBK,EQ,INE095A01012,LARGE
Info Edge (India) Ltd.,IT,NAUKRI,EQ,INE663F01024,LARGE
Infosys Ltd.,IT,INFY,EQ,INE009A01021,LARGE
InterGlobe Aviation Ltd.,SERVICES,INDIGO,EQ,INE646L01027,LARGE
JSW Steel Ltd.,METALS,JSWSTEEL,EQ,INE019A01038,LARGE
Kotak Mahindra Bank Ltd.,FINANCIAL SERVICES,KOTAKBANK,EQ,INE237A01028,LARGE
Larsen & Toubro Infotech Ltd.,IT,LTI,EQ,INE214T01019,LARGE
Larsen & Toubro Ltd.,CONSTRUCTION,LT,EQ,INE018A01030,LARGE
Lupin Ltd.,PHARMA,LUPIN,EQ,INE326A01037,LARGE
Mahindra & Mahindra Ltd.,AUTOMOBILE,M&M,EQ,INE101A01026,LARGE
Marico Ltd.,CONSUMER GOODS,MARICO,EQ,INE196A01026,LARGE
Maruti Suzuki India Ltd.,AUTOMOBILE,MARUTI,EQ,INE585B01010,LARGE
Motherson Sumi Systems Ltd.,AUTOMOBILE,MOTHERSUMI,EQ,INE775A01035,LARGE
Muthoot Finance Ltd.,FINANCIAL SERVICES,MUTHOOTFIN,EQ,INE414G01012,LARGE
NMDC Ltd.,METALS,NMDC,EQ,INE584A01023,LARGE
NTPC Ltd.,POWER,NTPC,EQ,INE733E01010,LARGE
Nestle India Ltd.,CONSUMER GOODS,NESTLEIND,EQ,INE239A01016,LARGE
Oil & Natural Gas Corporation Ltd.,OIL & GAS,ONGC,EQ,INE213A01029,LARGE
Oracle Financial Services Software Ltd.,IT,OFSS,EQ,INE881D01027,LARGE
Petronet LNG Ltd.,OIL & GAS,PETRONET,EQ,INE347G01014,LARGE
Pidilite Industries Ltd.,CHEMICALS,PIDILITIND,EQ,INE318A01026,LARGE
Piramal Enterprises Ltd.,FINANCIAL SERVICES,PEL,EQ,INE140A01024,LARGE
Power Finance Corporation Ltd.,FINANCIAL SERVICES,PFC,EQ,INE134E01011,LARGE
Power Grid Corporation of India Ltd.,POWER,POWERGRID,EQ,INE752E01010,LARGE
Procter & Gamble Hygiene & Health Care Ltd.,CONSUMER GOODS,PGHH,EQ,INE179A01014,LARGE
Punjab National Bank,FINANCIAL SERVICES,PNB,EQ,INE160A01022,LARGE
Reliance Industries Ltd.,OIL & GAS,RELIANCE,EQ,INE002A01018,LARGE
SBI Cards and Payment Services Ltd.,FINANCIAL SERVICES,SBICARD,EQ,INE018E01016,LARGE
SBI Life Insurance Company Ltd.,FINANCIAL SERVICES,SBILIFE,EQ,INE123W01016,LARGE
Shree Cement Ltd.,CEMENT & CEMENT PRODUCTS,SHREECEM,EQ,INE070A01015,LARGE
Siemens Ltd.,INDUSTRIAL MANUFACTURING,SIEMENS,EQ,INE003A01024,LARGE
State Bank of India,FINANCIAL SERVICES,SBIN,EQ,INE062A01020,LARGE
Sun Pharmaceutical Industries Ltd.,PHARMA,SUNPHARMA,EQ,INE044A01036,LARGE
Tata Consultancy Services Ltd.,IT,TCS,EQ,INE467B01029,LARGE
Tata Consumer Products Ltd.,CONSUMER GOODS,TATACONSUM,EQ,INE192A01025,LARGE
Tata Motors Ltd.,AUTOMOBILE,TATAMOTORS,EQ,INE155A01022,LARGE
Tata Steel Ltd.,METALS,TATASTEEL,EQ,INE081A01012,LARGE
Tech Mahindra Ltd.,IT,TECHM,EQ,INE669C01036,LARGE
Titan Company Ltd.,CONSUMER GOODS,TITAN,EQ,INE280A01028,LARGE
Torrent Pharmaceuticals Ltd.,PHARMA,TORNTPHARM,EQ,INE685A01028,LARGE
UPL Ltd.,FERTILISERS & PESTICIDES,UPL,EQ,INE628A01036,LARGE
UltraTech Cement Ltd.,CEMENT & CEMENT PRODUCTS,ULTRACEMCO,EQ,INE481G01011,LARGE
United Breweries Ltd.,CONSUMER GOODS,UBL,EQ,INE686F01025,LARGE
United Spirits Ltd.,CONSUMER GOODS,MCDOWELL-N,EQ,INE854D01024,LARGE
Wipro Ltd.,IT,WIPRO,EQ,INE075A01022,LARGE
3M India Ltd.,SERVICES,3MINDIA,EQ,INE470A01017,MIDCAP
ABB India Ltd.,INDUSTRIAL MANUFACTURING,ABB,EQ,INE117A01022,MIDCAP
AIA Engineering Ltd.,INDUSTRIAL MANUFACTURING,AIAENG,EQ,INE212H01026,MIDCAP
AU Small Finance Bank Ltd.,FINANCIAL SERVICES,AUBANK,EQ,INE949L01017,MIDCAP
Aarti Industries Ltd.,CHEMICALS,AARTIIND,EQ,INE769A01020,MIDCAP
Aavas Financiers Ltd.,FINANCIAL SERVICES,AAVAS,EQ,INE216P01012,MIDCAP
Adani Enterprises Ltd.,SERVICES,ADANIENT,EQ,INE423A01024,MIDCAP
Adani Gas Ltd.,OIL & GAS,ADANIGAS,EQ,INE399L01023,MIDCAP
Aditya Birla Capital Ltd.,FINANCIAL SERVICES,ABCAPITAL,EQ,INE674K01013,MIDCAP
Aditya Birla Fashion and Retail Ltd.,CONSUMER GOODS,ABFRL,EQ,INE647O01011,MIDCAP
Ajanta Pharmaceuticals Ltd.,PHARMA,AJANTPHARM,EQ,INE031B01049,MIDCAP
Akzo Nobel India Ltd.,CONSUMER GOODS,AKZOINDIA,EQ,INE133A01011,MIDCAP
Alembic Pharmaceuticals Ltd.,PHARMA,APLLTD,EQ,INE901L01018,MIDCAP
Amara Raja Batteries Ltd.,AUTOMOBILE,AMARAJABAT,EQ,INE885A01032,MIDCAP
Apollo Hospitals Enterprise Ltd.,HEALTHCARE SERVICES,APOLLOHOSP,EQ,INE437A01024,MIDCAP
Apollo Tyres Ltd.,AUTOMOBILE,APOLLOTYRE,EQ,INE438A01022,MIDCAP
Ashok Leyland Ltd.,AUTOMOBILE,ASHOKLEY,EQ,INE208A01029,MIDCAP
AstraZenca Pharma India Ltd.,PHARMA,ASTRAZEN,EQ,INE203A01020,MIDCAP
Astral Poly Technik Ltd.,INDUSTRIAL MANUFACTURING,ASTRAL,EQ,INE006I01046,MIDCAP
Atul Ltd.,CHEMICALS,ATUL,EQ,INE100A01010,MIDCAP
Balkrishna Industries Ltd.,AUTOMOBILE,BALKRISIND,EQ,INE787D01026,MIDCAP
Bank of India,FINANCIAL SERVICES,BANKINDIA,EQ,INE084A01016,MIDCAP
Bata India Ltd.,CONSUMER GOODS,BATAINDIA,EQ,INE176A01028,MIDCAP
Bayer Cropscience Ltd.,FERTILISERS & PESTICIDES,BAYERCROP,EQ,INE462A01022,MIDCAP
Bharat Electronics Ltd.,INDUSTRIAL MANUFACTURING,BEL,EQ,INE263A01024,MIDCAP
Bharat Forge Ltd.,INDUSTRIAL MANUFACTURING,BHARATFORG,EQ,INE465A01025,MIDCAP
Bharat Heavy Electricals Ltd.,INDUSTRIAL MANUFACTURING,BHEL,EQ,INE257A01026,MIDCAP
Bombay Burmah Trading Corporation Ltd.,CONSUMER GOODS,BBTC,EQ,INE050A01025,MIDCAP
CESC Ltd.,POWER,CESC,EQ,INE486A01013,MIDCAP
CRISIL Ltd.,FINANCIAL SERVICES,CRISIL,EQ,INE007A01025,MIDCAP
Canara Bank,FINANCIAL SERVICES,CANBK,EQ,INE476A01014,MIDCAP
Castrol India Ltd.,OIL & GAS,CASTROLIND,EQ,INE172A01027,MIDCAP
Cholamandalam Financial Holdings Ltd.,FINANCIAL SERVICES,CHOLAHLDNG,EQ,INE149A01033,MIDCAP
Cholamandalam Investment and Finance Company Ltd.,FINANCIAL SERVICES,CHOLAFIN,EQ,INE121A01024,MIDCAP
City Union Bank Ltd.,FINANCIAL SERVICES,CUB,EQ,INE491A01021,MIDCAP
Coforge Ltd.,IT,COFORGE,EQ,INE591G01017,MIDCAP
Coromandel International Ltd.,FERTILISERS & PESTICIDES,COROMANDEL,EQ,INE169A01031,MIDCAP
CreditAccess Grameen Ltd.,FINANCIAL SERVICES,CREDITACC,EQ,INE741K01010,MIDCAP
Crompton Greaves Consumer Electricals Ltd.,CONSUMER GOODS,CROMPTON,EQ,INE299U01018,MIDCAP
Cummins India Ltd.,INDUSTRIAL MANUFACTURING,CUMMINSIND,EQ,INE298A01020,MIDCAP
Dalmia Bharat Ltd.,CEMENT & CEMENT PRODUCTS,DALBHARAT,EQ,INE00R701025,MIDCAP
Dr. Lal Path Labs Ltd.,HEALTHCARE SERVICES,LALPATHLAB,EQ,INE600L01024,MIDCAP
Edelweiss Financial Services Ltd.,FINANCIAL SERVICES,EDELWEISS,EQ,INE532F01054,MIDCAP
Emami Ltd.,CONSUMER GOODS,EMAMILTD,EQ,INE548C01032,MIDCAP
Endurance Technologies Ltd.,AUTOMOBILE,ENDURANCE,EQ,INE913H01037,MIDCAP
Eris Lifesciences Ltd.,PHARMA,ERIS,EQ,INE406M01024,MIDCAP
Escorts Ltd.,AUTOMOBILE,ESCORTS,EQ,INE042A01014,MIDCAP
Exide Industries Ltd.,AUTOMOBILE,EXIDEIND,EQ,INE302A01020,MIDCAP
Federal Bank Ltd.,FINANCIAL SERVICES,FEDERALBNK,EQ,INE171A01029,MIDCAP
Fortis Healthcare Ltd.,HEALTHCARE SERVICES,FORTIS,EQ,INE061F01013,MIDCAP
Future Retail Ltd.,CONSUMER GOODS,FRETAIL,EQ,INE752P01024,MIDCAP
GMR Infrastructure Ltd.,CONSTRUCTION,GMRINFRA,EQ,INE776C01039,MIDCAP
Gillette India Ltd.,CONSUMER GOODS,GILLETTE,EQ,INE322A01010,MIDCAP
Glaxosmithkline Pharmaceuticals Ltd.,PHARMA,GLAXO,EQ,INE159A01016,MIDCAP
Glenmark Pharmaceuticals Ltd.,PHARMA,GLENMARK,EQ,INE935A01035,MIDCAP
Godrej Agrovet Ltd.,CONSUMER GOODS,GODREJAGRO,EQ,INE850D01014,MIDCAP
Godrej Industries Ltd.,CONSUMER GOODS,GODREJIND,EQ,INE233A01035,MIDCAP
Godrej Properties Ltd.,CONSTRUCTION,GODREJPROP,EQ,INE484J01027,MIDCAP
Gujarat Gas Ltd.,OIL & GAS,GUJGASLTD,EQ,INE844O01030,MIDCAP
Gujarat State Petronet Ltd.,OIL & GAS,GSPL,EQ,INE246F01010,MIDCAP
Hatsun Agro Product Ltd.,CONSUMER GOODS,HATSUN,EQ,INE473B01035,MIDCAP
Hindustan Aeronautics Ltd.,INDUSTRIAL MANUFACTURING,HAL,EQ,INE066F01012,MIDCAP
Honeywell Automation India Ltd.,INDUSTRIAL MANUFACTURING,HONAUT,EQ,INE671A01010,MIDCAP
Housing & Urban Development Corporation Ltd.,FINANCIAL SERVICES,HUDCO,EQ,INE031A01017,MIDCAP
ICICI Securities Ltd.,FINANCIAL SERVICES,ISEC,EQ,INE763G01038,MIDCAP
IDFC First Bank Ltd.,FINANCIAL SERVICES,IDFCFIRSTB,EQ,INE092T01019,MIDCAP
IIFL Wealth Management Ltd.,FINANCIAL SERVICES,IIFLWAM,EQ,INE466L01020,MIDCAP
ITI Ltd.,TELECOM,ITI,EQ,INE248A01017,MIDCAP
Indiabulls Housing Finance Ltd.,FINANCIAL SERVICES,IBULHSGFIN,EQ,INE148I01020,MIDCAP
Indiabulls Ventures Ltd.,FINANCIAL SERVICES,IBVENTURES,EQ,INE274G01010,MIDCAP
Indian Hotels Co. Ltd.,SERVICES,INDHOTEL,EQ,INE053A01029,MIDCAP
Indian Railway Catering And Tourism Corporation Ltd.,SERVICES,IRCTC,EQ,INE335Y01012,MIDCAP
Ipca Laboratories Ltd.,PHARMA,IPCALAB,EQ,INE571A01020,MIDCAP
J.K. Cement Ltd.,CEMENT & CEMENT PRODUCTS,JKCEMENT,EQ,INE823G01014,MIDCAP
JM Financial Ltd.,FINANCIAL SERVICES,JMFINANCIL,EQ,INE780C01023,MIDCAP
JSW Energy Ltd.,POWER,JSWENERGY,EQ,INE121E01018,MIDCAP
Jindal Steel & Power Ltd.,METALS,JINDALSTEL,EQ,INE749A01030,MIDCAP
Jubilant Foodworks Ltd.,CONSUMER GOODS,JUBLFOOD,EQ,INE797F01012,MIDCAP
Kansai Nerolac Paints Ltd.,CONSUMER GOODS,KANSAINER,EQ,INE531A01024,MIDCAP
L&T Finance Holdings Ltd.,FINANCIAL SERVICES,L&TFH,EQ,INE498L01015,MIDCAP
L&T Technology Services Ltd.,IT,LTTS,EQ,INE010V01017,MIDCAP
LIC Housing Finance Ltd.,FINANCIAL SERVICES,LICHSGFIN,EQ,INE115A01026,MIDCAP
MRF Ltd.,AUTOMOBILE,MRF,EQ,INE883A01011,MIDCAP
Mahanagar Gas Ltd.,OIL & GAS,MGL,EQ,INE002S01010,MIDCAP
Mahindra & Mahindra Financial Services Ltd.,FINANCIAL SERVICES,M&MFIN,EQ,INE774D01024,MIDCAP
Manappuram Finance Ltd.,FINANCIAL SERVICES,MANAPPURAM,EQ,INE522D01027,MIDCAP
Mangalore Refinery & Petrochemicals Ltd.,OIL & GAS,MRPL,EQ,INE103A01014,MIDCAP
Max Financial Services Ltd.,FINANCIAL SERVICES,MFSL,EQ,INE180A01020,MIDCAP
Metropolis Healthcare Ltd.,HEALTHCARE SERVICES,METROPOLIS,EQ,INE112L01020,MIDCAP
MindTree Ltd.,IT,MINDTREE,EQ,INE018I01017,MIDCAP
Minda Industries Ltd.,AUTOMOBILE,MINDAIND,EQ,INE405E01023,MIDCAP
Motilal Oswal Financial Services Ltd.,FINANCIAL SERVICES,MOTILALOFS,EQ,INE338I01027,MIDCAP
MphasiS Ltd.,IT,MPHASIS,EQ,INE356A01018,MIDCAP
NATCO Pharma Ltd.,PHARMA,NATCOPHARM,EQ,INE987B01026,MIDCAP
NHPC Ltd.,POWER,NHPC,EQ,INE848E01016,MIDCAP
NLC India Ltd.,POWER,NLCINDIA,EQ,INE589A01014,MIDCAP
National Aluminium Co. Ltd.,METALS,NATIONALUM,EQ,INE139A01034,MIDCAP
Navin Fluorine International Ltd.,CHEMICALS,NAVINFLUOR,EQ,INE048G01026,MIDCAP
Nippon Life India Asset Management Ltd.,FINANCIAL SERVICES,NAM-INDIA,EQ,INE298J01013,MIDCAP
Oberoi Realty Ltd.,CONSTRUCTION,OBEROIRLTY,EQ,INE093I01010,MIDCAP
Oil India Ltd.,OIL & GAS,OIL,EQ,INE274J01014,MIDCAP
PI Industries Ltd.,FERTILISERS & PESTICIDES,PIIND,EQ,INE603J01030,MIDCAP
Page Industries Ltd.,TEXTILES,PAGEIND,EQ,INE761H01022,MIDCAP
Pfizer Ltd.,PHARMA,PFIZER,EQ,INE182A01018,MIDCAP
Phoenix Mills Ltd.,CONSTRUCTION,PHOENIXLTD,EQ,INE211B01039,MIDCAP
Polycab India Ltd.,INDUSTRIAL MANUFACTURING,POLYCAB,EQ,INE455K01017,MIDCAP
Prestige Estates Projects Ltd.,CONSTRUCTION,PRESTIGE,EQ,INE811K01011,MIDCAP
RBL Bank Ltd.,FINANCIAL SERVICES,RBLBANK,EQ,INE976G01028,MIDCAP
REC Ltd.,FINANCIAL SERVICES,RECLTD,EQ,INE020B01018,MIDCAP
Rajesh Exports Ltd.,CONSUMER GOODS,RAJESHEXPO,EQ,INE343B01030,MIDCAP
Relaxo Footwears Ltd.,CONSUMER GOODS,RELAXO,EQ,INE131B01039,MIDCAP
SJVN Ltd.,POWER,SJVN,EQ,INE002L01015,MIDCAP
SKF India Ltd.,INDUSTRIAL MANUFACTURING,SKFINDIA,EQ,INE640A01023,MIDCAP
SRF Ltd.,INDUSTRIAL MANUFACTURING,SRF,EQ,INE647A01010,MIDCAP
Sanofi India Ltd.,PHARMA,SANOFI,EQ,INE058A01010,MIDCAP
Schaeffler India Ltd.,INDUSTRIAL MANUFACTURING,SCHAEFFLER,EQ,INE513A01014,MIDCAP
Sheela Foam Ltd.,CONSUMER GOODS,SFL,EQ,INE916U01025,MIDCAP
Shriram City Union Finance Ltd.,FINANCIAL SERVICES,SHRIRAMCIT,EQ,INE722A01011,MIDCAP
Shriram Transport Finance Co. Ltd.,FINANCIAL SERVICES,SRTRANSFIN,EQ,INE721A01013,MIDCAP
Solar Industries India Ltd.,CHEMICALS,SOLARINDS,EQ,INE343H01029,MIDCAP
Steel Authority of India Ltd.,METALS,SAIL,EQ,INE114A01011,MIDCAP
Sumitomo Chemical India Ltd.,CHEMICALS,SUMICHEM,EQ,INE258G01013,MIDCAP
Sun TV Network Ltd.,MEDIA & ENTERTAINMENT,SUNTV,EQ,INE424H01027,MIDCAP
Sundaram Finance Ltd.,FINANCIAL SERVICES,SUNDARMFIN,EQ,INE660A01013,MIDCAP
Sundram Fasteners Ltd.,AUTOMOBILE,SUNDRMFAST,EQ,INE387A01021,MIDCAP
Supreme Industries Ltd.,INDUSTRIAL MANUFACTURING,SUPREMEIND,EQ,INE195A01028,MIDCAP
Symphony Ltd.,CONSUMER GOODS,SYMPHONY,EQ,INE225D01027,MIDCAP
Syngene International Ltd.,PHARMA,SYNGENE,EQ,INE398R01022,MIDCAP
TTK Prestige Ltd.,CONSUMER GOODS,TTKPRESTIG,EQ,INE690A01010,MIDCAP
TVS Motor Company Ltd.,AUTOMOBILE,TVSMOTOR,EQ,INE494B01023,MIDCAP
Tata Chemicals Ltd.,CHEMICALS,TATACHEM,EQ,INE092A01019,MIDCAP
Tata Communications Ltd.,TELECOM,TATACOMM,EQ,INE151A01013,MIDCAP
Tata Power Co. Ltd.,POWER,TATAPOWER,EQ,INE245A01021,MIDCAP
The New India Assurance Company Ltd.,FINANCIAL SERVICES,NIACL,EQ,INE470Y01017,MIDCAP
The Ramco Cements Ltd.,CEMENT & CEMENT PRODUCTS,RAMCOCEM,EQ,INE331A01037,MIDCAP
Thermax Ltd.,INDUSTRIAL MANUFACTURING,THERMAX,EQ,INE152A01029,MIDCAP
Torrent Power Ltd.,POWER,TORNTPOWER,EQ,INE813H01021,MIDCAP
Trent Ltd.,CONSUMER GOODS,TRENT,EQ,INE849A01020,MIDCAP
Tube Investments of India Ltd.,AUTOMOBILE,TIINDIA,EQ,INE974X01010,MIDCAP
Union Bank of India,FINANCIAL SERVICES,UNIONBANK,EQ,INE692A01016,MIDCAP
V-Guard Industries Ltd.,CONSUMER GOODS,VGUARD,EQ,INE951I01027,MIDCAP
Varun Beverages Ltd.,CONSUMER GOODS,VBL,EQ,INE200M01013,MIDCAP
Vinati Organics Ltd.,CHEMICALS,VINATIORGA,EQ,INE410B01037,MIDCAP
Vodafone Idea Ltd.,TELECOM,IDEA,EQ,INE669E01016,MIDCAP
Voltas Ltd.,CONSUMER GOODS,VOLTAS,EQ,INE226A01021,MIDCAP
WABCO India Ltd.,AUTOMOBILE,WABCOINDIA,EQ,INE342J01019,MIDCAP
Whirlpool of India Ltd.,CONSUMER GOODS,WHIRLPOOL,EQ,INE716A01013,MIDCAP
Yes Bank Ltd.,FINANCIAL SERVICES,YESBANK,EQ,INE528G01035,MIDCAP
Zee Entertainment Enterprises Ltd.,MEDIA & ENTERTAINMENT,ZEEL,EQ,INE256A01028,MIDCAP
Zydus Wellness Ltd.,CONSUMER GOODS,ZYDUSWELL,EQ,INE768C01010,MIDCAP
ABB Power Products and Systems India Ltd.,INDUSTRIAL MANUFACTURING,POWERINDIA,EQ,INE07Y701011,SMALLCAP
APL Apollo Tubes Ltd.,METALS,APLAPOLLO,EQ,INE702C01019,SMALLCAP
Aarti Drugs Ltd.,PHARMA,AARTIDRUGS,EQ,INE767A01016,SMALLCAP
Advanced Enzyme Tech Ltd.,CONSUMER GOODS,ADVENZYMES,EQ,INE837H01020,SMALLCAP
Aegis Logistics Ltd.,OIL & GAS,AEGISCHEM,EQ,INE208C01025,SMALLCAP
Affle (India) Ltd.,IT,AFFLE,EQ,INE00WC01019,SMALLCAP
Alembic Ltd.,PHARMA,ALEMBICLTD,EQ,INE426A01027,SMALLCAP
Alkyl Amines Chemicals Ltd.,CHEMICALS,ALKYLAMINE,EQ,INE150B01021,SMALLCAP
Allcargo Logistics Ltd.,SERVICES,ALLCARGO,EQ,INE418H01029,SMALLCAP
Alok Industries Ltd.,TEXTILES,ALOKINDS,EQ,INE270A01029,SMALLCAP
Amber Enterprises India Ltd.,CONSUMER GOODS,AMBER,EQ,INE371P01015,SMALLCAP
Ashoka Buildcon Ltd.,CONSTRUCTION,ASHOKA,EQ,INE442H01029,SMALLCAP
Aster DM Healthcare Ltd.,HEALTHCARE SERVICES,ASTERDM,EQ,INE914M01019,SMALLCAP
Avanti Feeds Ltd.,CONSUMER GOODS,AVANTIFEED,EQ,INE871C01038,SMALLCAP
BASF India Ltd.,CHEMICALS,BASF,EQ,INE373A01013,SMALLCAP
BEML Ltd.,INDUSTRIAL MANUFACTURING,BEML,EQ,INE258A01016,SMALLCAP
BSE Ltd.,FINANCIAL SERVICES,BSE,EQ,INE118H01025,SMALLCAP
Bajaj Consumer Care Ltd.,CONSUMER GOODS,BAJAJCON,EQ,INE933K01021,SMALLCAP
Bajaj Electricals Ltd,CONSUMER GOODS,BAJAJELEC,EQ,INE193E01025,SMALLCAP
Balmer Lawrie & Co. Ltd.,INDUSTRIAL MANUFACTURING,BALMLAWRIE,EQ,INE164A01016,SMALLCAP
Balrampur Chini Mills Ltd.,CONSUMER GOODS,BALRAMCHIN,EQ,INE119A01028,SMALLCAP
Bank of Maharashtra.,FINANCIAL SERVICES,MAHABANK,EQ,INE457A01014,SMALLCAP
Bharat Dynamics Ltd.,INDUSTRIAL MANUFACTURING,BDL,EQ,INE171Z01018,SMALLCAP
Bharat Rasayan Ltd.,FERTILISERS & PESTICIDES,BHARATRAS,EQ,INE838B01013,SMALLCAP
Birla Corporation Ltd.,CEMENT & CEMENT PRODUCTS,BIRLACORPN,EQ,INE340A01012,SMALLCAP
Birlasoft Ltd.,IT,BSOFT,EQ,INE836A01035,SMALLCAP
Bliss GVS Pharma Ltd.,PHARMA,BLISSGVS,EQ,INE416D01022,SMALLCAP
Blue Dart Express Ltd.,SERVICES,BLUEDART,EQ,INE233B01017,SMALLCAP
Blue Star Ltd.,CONSUMER GOODS,BLUESTARCO,EQ,INE472A01039,SMALLCAP
Bombay Dyeing & Manufacturing Co. Ltd.,CONSTRUCTION,BOMDYEING,EQ,INE032A01023,SMALLCAP
Brigade Enterprises Ltd.,CONSTRUCTION,BRIGADE,EQ,INE791I01019,SMALLCAP
CARE Ratings Ltd.,FINANCIAL SERVICES,CARERATING,EQ,INE752H01013,SMALLCAP
CCL Products (I) Ltd.,CONSUMER GOODS,CCL,EQ,INE421D01022,SMALLCAP
CSB Bank Ltd.,FINANCIAL SERVICES,CSBBANK,EQ,INE679A01013,SMALLCAP
Can Fin Homes Ltd.,FINANCIAL SERVICES,CANFINHOME,EQ,INE477A01020,SMALLCAP
Caplin Point Laboratories Ltd.,PHARMA,CAPLIPOINT,EQ,INE475E01026,SMALLCAP
Capri Global Capital Ltd.,FINANCIAL SERVICES,CGCL,EQ,INE180C01026,SMALLCAP
Carborundum Universal Ltd.,INDUSTRIAL MANUFACTURING,CARBORUNIV,EQ,INE120A01034,SMALLCAP
Ceat Ltd.,AUTOMOBILE,CEATLTD,EQ,INE482A01020,SMALLCAP
Central Bank of India,FINANCIAL SERVICES,CENTRALBK,EQ,INE483A01010,SMALLCAP
Central Depository Services (India) Ltd.,FINANCIAL SERVICES,CDSL,EQ,INE736A01011,SMALLCAP
Century Plyboards (India) Ltd.,CONSUMER GOODS,CENTURYPLY,EQ,INE348B01021,SMALLCAP
Century Textile & Industries Ltd.,PAPER,CENTURYTEX,EQ,INE055A01016,SMALLCAP
Cera Sanitaryware Ltd,CONSTRUCTION,CERA,EQ,INE739E01017,SMALLCAP
Chalet Hotels Ltd.,SERVICES,CHALET,EQ,INE427F01016,SMALLCAP
Chambal Fertilizers & Chemicals Ltd.,FERTILISERS & PESTICIDES,CHAMBLFERT,EQ,INE085A01013,SMALLCAP
Chennai Petroleum Corporation Ltd.,OIL & GAS,CHENNPETRO,EQ,INE178A01016,SMALLCAP
Cochin Shipyard Ltd.,INDUSTRIAL MANUFACTURING,COCHINSHIP,EQ,INE704P01017,SMALLCAP
Cyient Ltd.,IT,CYIENT,EQ,INE136B01020,SMALLCAP
D.B.Corp Ltd.,MEDIA & ENTERTAINMENT,DBCORP,EQ,INE950I01011,SMALLCAP
DCB Bank Ltd.,FINANCIAL SERVICES,DCBBANK,EQ,INE503A01015,SMALLCAP
DCM Shriram Ltd.,CONSUMER GOODS,DCMSHRIRAM,EQ,INE499A01024,SMALLCAP
Deepak Nitrite Ltd.,CHEMICALS,DEEPAKNTR,EQ,INE288B01029,SMALLCAP
Delta Corp Ltd.,SERVICES,DELTACORP,EQ,INE124G01033,SMALLCAP
Dhanuka Agritech Ltd.,FERTILISERS & PESTICIDES,DHANUKA,EQ,INE435G01025,SMALLCAP
Dilip Buildcon Ltd.,CONSTRUCTION,DBL,EQ,INE917M01012,SMALLCAP
Dish TV India Ltd.,MEDIA & ENTERTAINMENT,DISHTV,EQ,INE836F01026,SMALLCAP
Dishman Carbogen Amcis Ltd.,PHARMA,DCAL,EQ,INE385W01011,SMALLCAP
Dixon Technologies (India) Ltd.,CONSUMER GOODS,DIXON,EQ,INE935N01012,SMALLCAP
E.I.D. Parry (India) Ltd.,FERTILISERS & PESTICIDES,EIDPARRY,EQ,INE126A01031,SMALLCAP
EIH Ltd.,SERVICES,EIHOTEL,EQ,INE230A01023,SMALLCAP
ESAB India Ltd.,INDUSTRIAL MANUFACTURING,ESABINDIA,EQ,INE284A01012,SMALLCAP
Elgi Equipments Ltd.,INDUSTRIAL MANUFACTURING,ELGIEQUIP,EQ,INE285A01027,SMALLCAP
Engineers India Ltd.,CONSTRUCTION,ENGINERSIN,EQ,INE510A01028,SMALLCAP
Equitas Holdings Ltd.,FINANCIAL SERVICES,EQUITAS,EQ,INE988K01017,SMALLCAP
Essel Propack Ltd.,INDUSTRIAL MANUFACTURING,ESSELPACK,EQ,INE255A01020,SMALLCAP
FDC Ltd.,PHARMA,FDC,EQ,INE258B01022,SMALLCAP
Fine Organic Industries Ltd.,CHEMICALS,FINEORG,EQ,INE686Y01026,SMALLCAP
Finolex Cables Ltd.,INDUSTRIAL MANUFACTURING,FINCABLES,EQ,INE235A01022,SMALLCAP
Finolex Industries Ltd.,INDUSTRIAL MANUFACTURING,FINPIPE,EQ,INE183A01016,SMALLCAP
Firstsource Solutions Ltd.,IT,FSL,EQ,INE684F01012,SMALLCAP
Future Consumer Ltd.,CONSUMER GOODS,FCONSUMER,EQ,INE220J01025,SMALLCAP
GE Power India Ltd.,INDUSTRIAL MANUFACTURING,GEPIL,EQ,INE878A01011,SMALLCAP
GHCL Ltd.,CHEMICALS,GHCL,EQ,INE539A01019,SMALLCAP
GMM Pfaudler Ltd.,INDUSTRIAL MANUFACTURING,GMMPFAUDLR,EQ,INE541A01023,SMALLCAP
Galaxy Surfactants Ltd.,CHEMICALS,GALAXYSURF,EQ,INE600K01018,SMALLCAP
Garden Reach Shipbuilders & Engineers Ltd.,INDUSTRIAL MANUFACTURING,GRSE,EQ,INE382Z01011,SMALLCAP
Garware Technical Fibres Ltd.,TEXTILES,GARFIBRES,EQ,INE276A01018,SMALLCAP
Godfrey Phillips India Ltd.,CONSUMER GOODS,GODFRYPHLP,EQ,INE260B01028,SMALLCAP
Granules India Ltd.,PHARMA,GRANULES,EQ,INE101D01020,SMALLCAP
Graphite India Ltd.,INDUSTRIAL MANUFACTURING,GRAPHITE,EQ,INE371A01025,SMALLCAP
Great Eastern Shipping Co. Ltd.,SERVICES,GESHIP,EQ,INE017A01032,SMALLCAP
Greaves Cotton Ltd.,INDUSTRIAL MANUFACTURING,GREAVESCOT,EQ,INE224A01026,SMALLCAP
Grindwell Norton Ltd.,INDUSTRIAL MANUFACTURING,GRINDWELL,EQ,INE536A01023,SMALLCAP
Gujarat Alkalies & Chemicals Ltd.,CHEMICALS,GUJALKALI,EQ,INE186A01019,SMALLCAP
Gujarat Ambuja Exports Ltd.,CONSUMER GOODS,GAEL,EQ,INE036B01022,SMALLCAP
Gujarat Fluorochemicals Ltd.,CHEMICALS,FLUOROCHEM,EQ,INE09N301011,SMALLCAP
Gujarat Mineral Development Corporation Ltd.,METALS,GMDCLTD,EQ,INE131A01031,SMALLCAP
Gujarat Narmada Valley Fertilizers and Chemicals Ltd.,CHEMICALS,GNFC,EQ,INE113A01013,SMALLCAP
Gujarat Pipavav Port Ltd.,SERVICES,GPPL,EQ,INE517F01014,SMALLCAP
Gujarat State Fertilizers & Chemicals Ltd.,FERTILISERS & PESTICIDES,GSFC,EQ,INE026A01025,SMALLCAP
Gulf Oil Lubricants India Ltd.,OIL & GAS,GULFOILLUB,EQ,INE635Q01029,SMALLCAP
H.E.G. Ltd.,INDUSTRIAL MANUFACTURING,HEG,EQ,INE545A01016,SMALLCAP
HFCL Ltd.,TELECOM,HFCL,EQ,INE548A01028,SMALLCAP
Hathway Cable & Datacom Ltd.,MEDIA & ENTERTAINMENT,HATHWAY,BE,INE982F01036,SMALLCAP
HeidelbergCement India Ltd.,CEMENT & CEMENT PRODUCTS,HEIDELBERG,EQ,INE578A01017,SMALLCAP
Heritage Foods Ltd.,CONSUMER GOODS,HERITGFOOD,EQ,INE978A01027,SMALLCAP
Himadri Speciality Chemical Ltd.,CHEMICALS,HSCL,EQ,INE019C01026,SMALLCAP
Hindustan Copper Ltd.,METALS,HINDCOPPER,EQ,INE531E01026,SMALLCAP
Huhtamaki PPL Ltd.,INDUSTRIAL MANUFACTURING,PAPERPROD,EQ,INE275B01026,SMALLCAP
ICRA Ltd.,FINANCIAL SERVICES,ICRA,EQ,INE725G01011,SMALLCAP
IDBI Bank Ltd.,FINANCIAL SERVICES,IDBI,EQ,INE008A01015,SMALLCAP
IDFC Ltd.,FINANCIAL SERVICES,IDFC,EQ,INE043D01016,SMALLCAP
IFB Industries Ltd.,CONSUMER GOODS,IFBIND,EQ,INE559A01017,SMALLCAP
IIFL Finance Ltd.,FINANCIAL SERVICES,IIFL,EQ,INE530B01024,SMALLCAP
IOL Chem and Pharma Ltd.,PHARMA,IOLCP,EQ,INE485C01011,SMALLCAP
IRB Infrastructure Developers Ltd.,CONSTRUCTION,IRB,EQ,INE821I01014,SMALLCAP
IRCON International Ltd.,CONSTRUCTION,IRCON,EQ,INE962Y01021,SMALLCAP
India Cements Ltd.,CEMENT & CEMENT PRODUCTS,INDIACEM,EQ,INE383A01012,SMALLCAP
Indiabulls Real Estate Ltd.,CONSTRUCTION,IBREALEST,EQ,INE069I01010,SMALLCAP
Indiamart Intermesh Ltd.,CONSUMER GOODS,INDIAMART,EQ,INE933S01016,SMALLCAP
Indian Bank,FINANCIAL SERVICES,INDIANB,EQ,INE562A01011,SMALLCAP
Indian Energy Exchange Ltd.,FINANCIAL SERVICES,IEX,EQ,INE022Q01020,SMALLCAP
Indian Overseas Bank ,FINANCIAL SERVICES,IOB,EQ,INE565A01014,SMALLCAP
Indoco Remedies Ltd.,PHARMA,INDOCO,EQ,INE873D01024,SMALLCAP
Infibeam Avenues Ltd.,IT,INFIBEAM,EQ,INE483S01020,SMALLCAP
Ingersoll Rand (India) Ltd.,INDUSTRIAL MANUFACTURING,INGERRAND,EQ,INE177A01018,SMALLCAP
Inox Leisure Ltd.,MEDIA & ENTERTAINMENT,INOXLEISUR,EQ,INE312H01016,SMALLCAP
J.B. Chemicals & Pharmaceuticals Ltd.,PHARMA,JBCHEPHARM,EQ,INE572A01028,SMALLCAP
JK Lakshmi Cement Ltd.,CEMENT & CEMENT PRODUCTS,JKLAKSHMI,EQ,INE786A01032,SMALLCAP
JK Paper Ltd.,PAPER,JKPAPER,EQ,INE789E01012,SMALLCAP
JK Tyre & Industries Ltd.,AUTOMOBILE,JKTYRE,EQ,INE573A01042,SMALLCAP
JTEKT India Ltd.,AUTOMOBILE,JTEKTINDIA,EQ,INE643A01035,SMALLCAP
Jagran Prakashan Ltd.,MEDIA & ENTERTAINMENT,JAGRAN,EQ,INE199G01027,SMALLCAP
Jai Corp Ltd.,INDUSTRIAL MANUFACTURING,JAICORPLTD,EQ,INE070D01027,SMALLCAP
Jammu & Kashmir Bank Ltd.,FINANCIAL SERVICES,J&KBANK,EQ,INE168A01041,SMALLCAP
Jamna Auto Industries Ltd.,AUTOMOBILE,JAMNAAUTO,EQ,INE039C01032,SMALLCAP
Jindal Saw Ltd.,METALS,JINDALSAW,EQ,INE324A01024,SMALLCAP
Jindal Stainless (Hisar) Ltd.,METALS,JSLHISAR,EQ,INE455T01018,SMALLCAP
Jindal Stainless Ltd.,METALS,JSL,EQ,INE220G01021,SMALLCAP
Johnson Controls - Hitachi Air Conditioning India Ltd.,CONSUMER GOODS,JCHAC,EQ,INE782A01015,SMALLCAP
Justdial Ltd.,IT,JUSTDIAL,EQ,INE599M01018,SMALLCAP
Jyothy Labs Ltd.,CONSUMER GOODS,JYOTHYLAB,EQ,INE668F01031,SMALLCAP
KEI Industries Ltd.,INDUSTRIAL MANUFACTURING,KEI,EQ,INE878B01027,SMALLCAP
KNR Constructions Ltd.,CONSTRUCTION,KNRCON,EQ,INE634I01029,SMALLCAP
KRBL Ltd.,CONSUMER GOODS,KRBL,EQ,INE001B01026,SMALLCAP
KSB Ltd.,INDUSTRIAL MANUFACTURING,KSB,EQ,INE999A01015,SMALLCAP
Kajaria Ceramics Ltd.,CONSTRUCTION,KAJARIACER,EQ,INE217B01036,SMALLCAP
Kalpataru Power Transmission Ltd.,POWER,KALPATPOWR,EQ,INE220B01022,SMALLCAP
Karnataka Bank Ltd.,FINANCIAL SERVICES,KTKBANK,EQ,INE614B01018,SMALLCAP
Karur Vysya Bank Ltd.,FINANCIAL SERVICES,KARURVYSYA,EQ,INE036D01028,SMALLCAP
Kaveri Seed Company Ltd.,CONSUMER GOODS,KSCL,EQ,INE455I01029,SMALLCAP
Kec International Ltd.,CONSTRUCTION,KEC,EQ,INE389H01022,SMALLCAP
Kolte-Patil Developers Ltd.,CONSTRUCTION,KOLTEPATIL,EQ,INE094I01018,SMALLCAP
La Opala RG Ltd.,CONSUMER GOODS,LAOPALA,EQ,INE059D01020,SMALLCAP
Lakshmi Machine Works Ltd.,INDUSTRIAL MANUFACTURING,LAXMIMACH,EQ,INE269B01029,SMALLCAP
Laurus Labs Ltd.,PHARMA,LAURUSLABS,EQ,INE947Q01010,SMALLCAP
Lemon Tree Hotels Ltd.,SERVICES,LEMONTREE,EQ,INE970X01018,SMALLCAP
Linde India Ltd.,CHEMICALS,LINDEINDIA,EQ,INE473A01011,SMALLCAP
Lux Industries Ltd.,TEXTILES,LUXIND,EQ,INE150G01020,SMALLCAP
MAS Financial Services Ltd.,FINANCIAL SERVICES,MASFIN,EQ,INE348L01012,SMALLCAP
MMTC Ltd.,SERVICES,MMTC,EQ,INE123F01029,SMALLCAP
MOIL Ltd.,METALS,MOIL,EQ,INE490G01020,SMALLCAP
Maharashtra Scooters Ltd.,AUTOMOBILE,MAHSCOOTER,EQ,INE288A01013,SMALLCAP
Maharashtra Seamless Ltd.,METALS,MAHSEAMLES,EQ,INE271B01025,SMALLCAP
Mahindra Holidays & Resorts India Ltd.,SERVICES,MHRIL,EQ,INE998I01010,SMALLCAP
Mahindra Logistics Ltd.,SERVICES,MAHLOG,EQ,INE766P01016,SMALLCAP
Minda Corporation Ltd.,AUTOMOBILE,MINDACORP,EQ,INE842C01021,SMALLCAP
Mishra Dhatu Nigam Ltd.,METALS,MIDHANI,EQ,INE099Z01011,SMALLCAP
Multi Commodity Exchange of India Ltd.,FINANCIAL SERVICES,MCX,EQ,INE745G01035,SMALLCAP
NBCC (India) Ltd.,CONSTRUCTION,NBCC,EQ,INE095N01031,SMALLCAP
NCC Ltd.,CONSTRUCTION,NCC,EQ,INE868B01028,SMALLCAP
NESCO Ltd.,SERVICES,NESCO,EQ,INE317F01035,SMALLCAP
NOCIL Ltd.,CHEMICALS,NOCIL,EQ,INE163A01018,SMALLCAP
Narayana Hrudayalaya Ltd.,HEALTHCARE SERVICES,NH,EQ,INE410P01011,SMALLCAP
National Fertilizers Ltd.,FERTILISERS & PESTICIDES,NFL,EQ,INE870D01012,SMALLCAP
Navneet Education Ltd.,MEDIA & ENTERTAINMENT,NAVNETEDUL,EQ,INE060A01024,SMALLCAP
Nilkamal Ltd.,INDUSTRIAL MANUFACTURING,NILKAMAL,EQ,INE310A01015,SMALLCAP
Omaxe Ltd.,CONSTRUCTION,OMAXE,EQ,INE800H01010,SMALLCAP
Orient Cement Ltd.,CEMENT & CEMENT PRODUCTS,ORIENTCEM,EQ,INE876N01018,SMALLCAP
Orient Electric Ltd.,CONSUMER GOODS,ORIENTELEC,EQ,INE142Z01019,SMALLCAP
Orient Refractories Ltd.,INDUSTRIAL MANUFACTURING,ORIENTREF,EQ,INE743M01012,SMALLCAP
PNB Housing Finance Ltd.,FINANCIAL SERVICES,PNBHOUSING,EQ,INE572E01012,SMALLCAP
PNC Infratech Ltd.,CONSTRUCTION,PNCINFRA,EQ,INE195J01029,SMALLCAP
PSP Projects Ltd.,CONSTRUCTION,PSPPROJECT,EQ,INE488V01015,SMALLCAP
PTC India Ltd.,POWER,PTC,EQ,INE877F01012,SMALLCAP
PVR Ltd.,MEDIA & ENTERTAINMENT,PVR,EQ,INE191H01014,SMALLCAP
Persistent Systems Ltd.,IT,PERSISTENT,EQ,INE262H01013,SMALLCAP
Phillips Carbon Black Ltd.,CHEMICALS,PHILIPCARB,EQ,INE602A01023,SMALLCAP
Poly Medicure Ltd.,PHARMA,POLYMED,EQ,INE205C01021,SMALLCAP
Polyplex Corporation Ltd.,INDUSTRIAL MANUFACTURING,POLYPLEX,EQ,INE633B01018,SMALLCAP
Praj Industries Ltd.,INDUSTRIAL MANUFACTURING,PRAJIND,EQ,INE074A01025,SMALLCAP
Prism Johnson Ltd.,CEMENT & CEMENT PRODUCTS,PRSMJOHNSN,EQ,INE010A01011,SMALLCAP
Procter & Gamble Health Ltd.,PHARMA,PGHL,EQ,INE199A01012,SMALLCAP
Quess Corp Ltd.,SERVICES,QUESS,EQ,INE615P01015,SMALLCAP
RITES Ltd.,SERVICES,RITES,EQ,INE320J01015,SMALLCAP
Radico Khaitan Ltd,CONSUMER GOODS,RADICO,EQ,INE944F01028,SMALLCAP
Rail Vikas Nigam Ltd.,CONSTRUCTION,RVNL,EQ,INE415G01027,SMALLCAP
Rain Industries Ltd,CHEMICALS,RAIN,EQ,INE855B01025,SMALLCAP
Rallis India Ltd.,FERTILISERS & PESTICIDES,RALLIS,EQ,INE613A01020,SMALLCAP
Rashtriya Chemicals & Fertilizers Ltd.,FERTILISERS & PESTICIDES,RCF,EQ,INE027A01015,SMALLCAP
Ratnamani Metals & Tubes Ltd.,METALS,RATNAMANI,EQ,INE703B01027,SMALLCAP
Raymond Ltd.,TEXTILES,RAYMOND,EQ,INE301A01014,SMALLCAP
Redington (India) Ltd.,SERVICES,REDINGTON,EQ,INE891D01026,SMALLCAP
Schneider Electric Infrastructure Ltd.,INDUSTRIAL MANUFACTURING,SCHNEIDER,EQ,INE839M01018,SMALLCAP
Security and Intelligence Services (India) Ltd.,SERVICES,SIS,EQ,INE285J01028,SMALLCAP
Sequent Scientific Ltd.,PHARMA,SEQUENT,EQ,INE807F01027,SMALLCAP
Shilpa Medicare Ltd.,PHARMA,SHILPAMED,EQ,INE790G01031,SMALLCAP
Shipping Corporation of India Ltd.,SERVICES,SCI,EQ,INE109A01011,SMALLCAP
Shoppers Stop Ltd.,CONSUMER GOODS,SHOPERSTOP,EQ,INE498B01024,SMALLCAP
Sobha Ltd.,CONSTRUCTION,SOBHA,EQ,INE671H01015,SMALLCAP
Solara Active Pharma Sciences Ltd.,PHARMA,SOLARA,EQ,INE624Z01016,SMALLCAP
Sonata Software Ltd.,IT,SONATSOFTW,EQ,INE269A01021,SMALLCAP
South Indian Bank Ltd.,FINANCIAL SERVICES,SOUTHBANK,EQ,INE683A01023,SMALLCAP
Spicejet Ltd.,SERVICES,SPICEJET,EQ,INE285B01017,SMALLCAP
Star Cement Ltd.,CEMENT & CEMENT PRODUCTS,STARCEMENT,EQ,INE460H01021,SMALLCAP
Sterling And Wilson Solar Ltd.,CONSTRUCTION,SWSOLAR,EQ,INE00M201021,SMALLCAP
Sterlite Technologies Ltd.,TELECOM,STRTECH,EQ,INE089C01029,SMALLCAP
Strides Pharma Science Ltd.,PHARMA,STAR,EQ,INE939A01011,SMALLCAP
Sudarshan Chemical Industries Ltd.,CHEMICALS,SUDARSCHEM,EQ,INE659A01023,SMALLCAP
Sun Pharma Advanced Research Company Ltd.,PHARMA,SPARC,EQ,INE232I01014,SMALLCAP
Sunteck Realty Ltd.,CONSTRUCTION,SUNTECK,EQ,INE805D01034,SMALLCAP
Suprajit Engineering Ltd.,AUTOMOBILE,SUPRAJIT,EQ,INE399C01030,SMALLCAP
Supreme Petrochem Ltd.,CHEMICALS,SUPPETRO,EQ,INE663A01017,SMALLCAP
Suven Pharmaceuticals Ltd.,PHARMA,SUVENPHAR,EQ,INE03QK01018,SMALLCAP
Suzlon Energy Ltd.,INDUSTRIAL MANUFACTURING,SUZLON,EQ,INE040H01021,SMALLCAP
Swan Energy Ltd.,CONSTRUCTION,SWANENERGY,EQ,INE665A01038,SMALLCAP
Swaraj Engines Ltd.,INDUSTRIAL MANUFACTURING,SWARAJENG,EQ,INE277A01016,SMALLCAP
TCI Express Ltd.,SERVICES,TCIEXP,EQ,INE586V01016,SMALLCAP
TCNS Clothing Co. Ltd.,TEXTILES,TCNSBRANDS,EQ,INE778U01029,SMALLCAP
TV Today Network Ltd.,MEDIA & ENTERTAINMENT,TVTODAY,EQ,INE038F01029,SMALLCAP
TV18 Broadcast Ltd.,MEDIA & ENTERTAINMENT,TV18BRDCST,EQ,INE886H01027,SMALLCAP
Tasty Bite Eatables Ltd.,CONSUMER GOODS,TASTYBITE,EQ,INE488B01017,SMALLCAP
Tata Coffee Ltd.,CONSUMER GOODS,TATACOFFEE,EQ,INE493A01027,SMALLCAP
Tata Elxsi Ltd.,IT,TATAELXSI,EQ,INE670A01012,SMALLCAP
Tata Investment Corporation Ltd.,FINANCIAL SERVICES,TATAINVEST,EQ,INE672A01018,SMALLCAP
Tata Steel BSL Ltd.,METALS,TATASTLBSL,EQ,INE824B01021,SMALLCAP
Teamlease Services Ltd.,SERVICES,TEAMLEASE,EQ,INE985S01024,SMALLCAP
Thyrocare Technologies Ltd.,HEALTHCARE SERVICES,THYROCARE,EQ,INE594H01019,SMALLCAP
Timken India Ltd.,INDUSTRIAL MANUFACTURING,TIMKEN,EQ,INE325A01013,SMALLCAP
Trident Ltd.,TEXTILES,TRIDENT,EQ,INE064C01022,SMALLCAP
UCO Bank,FINANCIAL SERVICES,UCOBANK,EQ,INE691A01018,SMALLCAP
UFLEX Ltd.,INDUSTRIAL MANUFACTURING,UFLEX,EQ,INE516A01017,SMALLCAP
Ujjivan Financial Services Ltd.,FINANCIAL SERVICES,UJJIVAN,EQ,INE334L01012,SMALLCAP
Ujjivan Small Finance Bank Ltd.,FINANCIAL SERVICES,UJJIVANSFB,EQ,INE551W01018,SMALLCAP
V-Mart Retail Ltd.,CONSUMER GOODS,VMART,EQ,INE665J01013,SMALLCAP
V.I.P. Industries Ltd.,CONSUMER GOODS,VIPIND,EQ,INE054A01027,SMALLCAP
VRL Logistics Ltd.,SERVICES,VRLLOG,EQ,INE366I01010,SMALLCAP
VST Industries Ltd.,CONSUMER GOODS,VSTIND,EQ,INE710A01016,SMALLCAP
Vaibhav Global Ltd.,CONSUMER GOODS,VAIBHAVGBL,EQ,INE884A01019,SMALLCAP
Vakrangee Ltd.,IT,VAKRANGEE,EQ,INE051B01021,SMALLCAP
Vardhman Textiles Ltd.,TEXTILES,VTL,EQ,INE825A01012,SMALLCAP
Varroc Engineering Ltd.,AUTOMOBILE,VARROC,EQ,INE665L01035,SMALLCAP
Venky's (India) Ltd.,CONSUMER GOODS,VENKEYS,EQ,INE398A01010,SMALLCAP
Welspun Corp Ltd.,METALS,WELCORP,EQ,INE191B01025,SMALLCAP
Welspun India Ltd.,TEXTILES,WELSPUNIND,EQ,INE192B01031,SMALLCAP
Westlife Development Ltd.,SERVICES,WESTLIFE,EQ,INE274F01020,SMALLCAP
Wockhardt Ltd.,PHARMA,WOCKPHARMA,EQ,INE049B01025,SMALLCAP
Zensar Technolgies Ltd.,IT,ZENSARTECH,EQ,INE520A01027,SMALLCAP
eClerx Services Ltd.,IT,ECLERX,EQ,INE738I01010,SMALLCAP
