,S.No.,Name,CMP  Rs.,P/E,Mar Cap  Rs.Cr.,Qtr Profit Var  %,Qtr Sales Var  %,ROCE  %,ROA 12M  %,ROE  %,Prom. Hold.  %,Debt / Eq,Trd Qty,PEG,IV  Rs.,Ind PE,EPS 12M  Rs.,Ticker,Type,Company_Name
3,4.0,ACC,1615.05,24.85,30328.58,21.04,0.28,18.99,11.98,12.18,54.53,0.01,1777680.0,7.84,8150.17,18.8,64.98,ACC,Peer_Comparison,ACC
0,1.0,Abbott India,16504.9,53.24,35072.91,1.35,0.0,35.18,24.85,26.73,74.99,0.07,32935.0,2.52,12515.59,55.43,310.01,ABBOTINDIA,Peer_Comparison,Abbott India
0,1.0,Adani Green,1010.8,1083.11,158090.56,-39.91,-80.67,7.92,3.05,9.43,74.91,0.9,1136178.0,,,11.46,1.61,ADANIGREEN,Peer_Comparison,Adani Green
0,1.0,Adani Ports,467.0,48.87,94882.81,43.21,1.01,11.31,3.98,9.4,63.65,1.65,6337091.0,-18.17,-2778.87,24.66,9.56,ADANIPORTS,Peer_Comparison,Adani Ports
3,4.0,Adani Transmissi,425.25,3685.53,46769.42,56.0,0.0,7.6,-0.57,-4.38,74.92,1.74,550055.0,,,11.46,0.12,ADANITRANS,Peer_Comparison,Adani Transmissi
7,8.0,Alkem Lab,2929.25,22.73,35023.58,14.1,4.72,20.33,18.22,21.48,62.43,0.16,116319.0,0.75,1553.81,24.17,128.9,ALKEM,Peer_Comparison,Alkem Lab
2,3.0,Ambuja Cements,246.45,28.0,48936.23,87.77,8.63,9.37,7.03,7.06,63.27,0.04,9670924.0,21.88,3080.0,18.8,8.8,AMBUJACEM,Peer_Comparison,Ambuja Cements
0,1.0,Asian Paints,2548.15,107.21,244417.98,0.33,5.81,35.93,26.93,29.2,52.79,0.06,2053908.0,7.05,2654.29,70.66,23.52,ASIANPAINT,Peer_Comparison,Asian Paints
4,5.0,Aurobindo Pharma,889.4,19.59,52113.38,101.33,40.44,16.06,11.46,15.38,52.01,0.23,2412809.0,4.55,3301.66,24.17,45.4,AUROPHARMA,Peer_Comparison,Aurobindo Pharma
0,1.0,Avenue Super.,2671.95,183.89,173082.16,-36.86,-12.29,20.72,15.15,16.04,74.99,0.02,1104346.0,4.09,962.65,84.18,14.72,DMART,Peer_Comparison,Avenue Super.
0,1.0,Bajaj Auto,3289.0,22.46,95172.81,-18.84,-7.16,31.33,24.17,24.42,53.69,0.01,559632.0,1.91,4483.12,23.23,146.46,BAJAJ-AUTO,Peer_Comparison,Bajaj Auto
1,2.0,Berger Paints,681.15,109.75,66154.64,10.53,7.45,31.47,23.25,27.6,74.99,0.19,747992.0,5.16,513.17,70.66,6.21,BERGEPAINT,Peer_Comparison,Berger Paints
2,3.0,B P C L,405.45,16.32,87952.35,36.54,-22.06,8.09,4.69,10.03,52.98,0.8,9926476.0,-2.36,-734.68,8.36,19.47,BPCL,Peer_Comparison,B P C L
0,1.0,Bharti Airtel,503.05,,274441.81,-113.43,23.04,0.99,2.65,5.46,56.24,1.51,14830289.0,,,36.71,-50.94,BHARTIARTL,Peer_Comparison,Bharti Airtel
3,4.0,Biocon,454.0,159.74,54480.0,-10.46,6.89,5.3,4.09,4.16,61.3,0.0,3780606.0,-37.76,-2030.17,24.17,3.36,BIOCON,Peer_Comparison,Biocon
1,2.0,Bosch,13189.45,58.8,38900.49,127.66,7.2,18.46,11.53,12.0,70.54,0.01,128324.0,-22.7,-10617.6,45.41,29.23,BOSCHLTD,Peer_Comparison,Bosch
1,2.0,Britannia Inds.,3776.95,52.9,90974.75,-0.25,11.45,41.07,30.69,35.35,50.58,0.87,762348.0,2.22,2538.13,58.89,71.49,BRITANNIA,Peer_Comparison,Britannia Inds.
5,6.0,Cadila Health.,469.85,26.46,48100.55,-14.56,31.73,13.76,10.42,14.37,74.88,0.24,2812224.0,11.36,3145.22,24.17,17.31,CADILAHC,Peer_Comparison,Cadila Health.
2,3.0,Cipla,789.3,28.38,63652.79,1.12,12.99,17.34,13.21,13.42,36.7,0.0,7231145.0,2.02,897.2,24.17,27.82,CIPLA,Peer_Comparison,Cipla
0,1.0,Coal India,143.35,7.94,88342.71,-81.15,-8.25,73.38,56.35,73.23,66.13,0.0,25220064.0,-2.36,-682.46,17.27,18.05,COALINDIA,Peer_Comparison,Coal India
0,1.0,Container Corpn.,404.0,33.53,24615.49,-60.59,-13.57,13.63,8.67,9.15,54.8,0.0,2890097.0,-15.04,-2838.77,24.81,11.8,CONCOR,Peer_Comparison,Container Corpn.
0,1.0,Dabur India,513.6,70.29,90774.72,9.28,17.91,33.93,27.19,29.03,67.87,0.03,5353349.0,6.99,803.47,36.13,7.18,DABUR,Peer_Comparison,Dabur India
0,1.0,Divi's Lab.,3599.8,54.36,95563.38,45.48,22.07,24.45,18.41,18.63,51.96,0.0,873571.0,5.83,6180.71,22.03,66.23,DIVISLAB,Peer_Comparison,Divi's Lab.
1,2.0,Dr Reddy's Labs,5022.8,34.01,83521.73,-64.76,-2.91,18.57,19.3,21.04,26.8,0.1,1151678.0,2.71,6416.14,24.17,147.74,DRREDDY,Peer_Comparison,Dr Reddy's Labs
0,1.0,Eicher Motors,2400.45,54.29,65593.94,-36.74,-2.69,31.37,24.14,24.75,49.25,0.01,1500180.0,1.82,1287.82,53.02,44.24,EICHERMOT,Peer_Comparison,Eicher Motors
0,1.0,GAIL (India),125.45,9.91,56579.73,16.48,-24.37,16.71,12.56,14.82,52.11,0.11,27311595.0,0.59,120.62,45.62,12.78,GAIL,Peer_Comparison,GAIL (India)
1,2.0,Godrej Consumer,723.25,59.67,73951.32,4.79,10.38,28.0,22.3,23.4,63.23,0.03,2318642.0,4.61,886.79,36.13,12.01,GODREJCP,Peer_Comparison,Godrej Consumer
0,1.0,Grasim Inds,911.45,86.35,59967.87,-31.58,-28.3,4.43,3.34,3.7,41.0,0.12,1867754.0,3.46,531.85,15.18,9.62,GRASIM,Peer_Comparison,Grasim Inds
2,3.0,HCL Technologies,873.0,24.08,236902.96,12.69,6.27,32.91,25.1,26.26,60.33,0.02,6278805.0,2.83,1639.25,26.36,36.25,HCLTECH,Peer_Comparison,HCL Technologies
1,2.0,Havells India,826.95,67.68,51768.15,80.19,9.92,22.15,16.65,17.38,59.5,0.22,1335896.0,7.02,1372.7,23.31,12.22,HAVELLS,Peer_Comparison,Havells India
1,2.0,Hero Motocorp,3113.65,24.72,62200.64,3.36,23.73,27.93,22.05,22.37,34.76,0.01,949997.0,4.31,8679.39,53.02,125.96,HEROMOTOCO,Peer_Comparison,Hero Motocorp
0,1.0,Hindalco Inds.,246.35,83.33,55344.57,41.44,-4.49,3.81,0.88,1.29,34.74,0.49,16175014.0,-9.56,-460.23,17.08,3.01,HINDALCO,Peer_Comparison,Hindalco Inds.
3,4.0,H P C L,228.7,4.96,34849.82,135.43,-14.94,5.71,5.19,11.62,51.11,0.91,11005652.0,1.2,761.09,8.36,39.8,HINDPETRO,Peer_Comparison,H P C L
0,1.0,Hind. Unilever,2370.75,76.4,557021.05,9.79,16.14,119.76,68.77,87.71,61.9,0.0,2529049.0,5.64,2800.24,67.13,31.04,HINDUNILVR,Peer_Comparison,Hind. Unilever
0,1.0,Hindustan Zinc,242.55,16.38,102485.11,-6.78,25.47,21.58,16.76,18.0,64.92,0.25,1414807.0,-3.55,-841.95,21.32,14.81,HINDZINC,Peer_Comparison,Hindustan Zinc
0,1.0,ITC,215.9,19.51,265665.74,-19.65,-4.08,31.78,24.9,25.05,0.0,0.01,46944748.0,1.91,336.01,15.17,10.99,ITC,Peer_Comparison,ITC
1,2.0,I O C L,96.2,5.46,90564.21,1005.27,-23.35,6.73,6.12,12.47,51.5,0.82,35076737.0,0.22,19.8,8.36,5.62,IOC,Peer_Comparison,I O C L
3,4.0,Indraprastha Gas,495.45,39.55,34681.54,-19.17,-22.87,28.87,22.99,23.35,45.0,0.02,2775236.0,2.01,403.72,45.62,12.53,IGL,Peer_Comparison,Indraprastha Gas
0,1.0,Info Edg.(India),4672.55,208.39,60081.57,78.72,-19.11,18.81,11.79,11.99,38.53,0.02,712512.0,14.98,5117.61,38.46,21.35,NAUKRI,Peer_Comparison,Info Edg.(India)
1,2.0,Infosys,1164.55,29.79,496039.96,17.45,7.02,31.85,23.95,24.66,13.0,0.05,10294490.0,5.55,3469.62,26.36,39.09,INFY,Peer_Comparison,Infosys
0,1.0,Interglobe Aviat,1715.1,,66007.94,-12.12,-66.18,5.16,-3.61,-13.99,74.86,13.91,1302847.0,,,2.57,-115.05,INDIGO,Peer_Comparison,Interglobe Aviat
0,1.0,JSW Steel,357.5,44.61,86415.63,-42.0,8.23,11.48,7.05,17.42,44.32,1.13,5882195.0,1.96,322.04,18.61,10.26,JSWSTEEL,Peer_Comparison,JSW Steel
5,6.0,L & T Infotech,3234.95,35.11,56496.33,10.72,16.35,39.27,26.49,29.25,74.36,0.13,237077.0,2.61,3851.83,26.36,92.36,LTI,Peer_Comparison,L & T Infotech
1,2.0,Lupin,941.45,35.7,42686.25,-14.41,5.45,10.17,6.52,6.67,46.91,0.0,2500972.0,-2.62,-802.53,22.03,19.15,LUPIN,Peer_Comparison,Lupin
1,2.0,M & M,711.7,142.15,88478.01,-78.04,5.73,14.11,5.86,6.62,20.44,0.29,4121403.0,-24.72,6384.14,1447.52,-16.14,M&M,Peer_Comparison,M & M
2,3.0,Marico,414.1,48.96,53470.54,31.71,6.6,35.95,27.35,28.98,59.66,0.02,4015924.0,3.67,484.24,36.13,8.24,MARICO,Peer_Comparison,Marico
0,1.0,Maruti Suzuki,7696.8,58.44,232504.93,0.96,10.36,8.74,6.48,6.79,56.37,0.0,1165428.0,-292.2,-615770.59,1447.52,131.71,MARUTI,Peer_Comparison,Maruti Suzuki
0,1.0,Motherson Sumi,156.5,82.96,49421.67,-3.3,2.92,15.5,11.56,14.13,61.73,0.76,8974316.0,6.99,204.64,45.41,1.83,MOTHERSUMI,Peer_Comparison,Motherson Sumi
2,3.0,NMDC,116.65,11.68,35716.48,10.01,-0.53,22.74,13.03,13.65,69.65,0.02,13166975.0,-1.07,-170.06,17.27,9.91,NMDC,Peer_Comparison,NMDC
1,2.0,NTPC,104.6,9.29,103497.07,21.43,8.4,11.67,4.34,10.6,51.02,1.4,39623202.0,3.18,525.84,11.46,10.33,NTPC,Peer_Comparison,NTPC
0,1.0,Nestle India,18591.8,86.52,179254.17,-1.37,10.13,98.16,35.59,70.27,62.76,0.08,166801.0,8.09,27800.25,58.89,214.88,NESTLEIND,Peer_Comparison,Nestle India
0,1.0,O N G C,101.5,13.71,127689.83,-42.6,-30.93,12.72,6.71,8.36,60.41,0.12,65252008.0,-10.08,-577.43,14.9,3.58,ONGC,Peer_Comparison,O N G C
0,1.0,Oracle Fin.Serv.,3133.45,15.78,26948.13,4.58,0.89,42.71,32.74,33.71,73.32,0.01,82528.0,1.88,5989.32,19.32,198.79,OFSS,Peer_Comparison,Oracle Fin.Serv.
1,2.0,Petronet LNG,266.75,16.12,40012.5,-20.03,-33.39,28.47,20.13,26.16,50.0,0.28,5354571.0,0.61,160.38,45.62,16.54,PETRONET,Peer_Comparison,Petronet LNG
0,1.0,Pidilite Inds.,1627.3,90.91,82690.32,-1.15,3.72,34.54,25.84,26.44,70.19,0.01,702677.0,5.11,1424.32,21.71,17.43,PIDILITIND,Peer_Comparison,Pidilite Inds.
2,3.0,Power Grid Corpn,194.3,8.7,101649.79,23.48,4.29,12.55,5.62,19.41,51.34,2.02,9875351.0,0.46,153.17,11.46,20.94,POWERGRID,Peer_Comparison,Power Grid Corpn
2,3.0,P & G Hygiene,11403.45,67.29,37016.44,85.52,18.46,58.3,39.4,42.09,70.64,0.0,8326.0,15.98,43339.24,67.13,169.47,PGHH,Peer_Comparison,P & G Hygiene
0,1.0,Reliance Industr,1991.3,49.33,1308705.42,-32.53,-35.67,9.07,5.44,8.27,50.49,0.54,12825255.0,5.17,3555.9,8.36,42.98,RELIANCE,Peer_Comparison,Reliance Industr
1,2.0,Shree Cement,23722.2,47.13,85591.47,77.07,7.88,15.83,10.05,13.99,62.55,0.13,63435.0,3.31,26674.19,18.8,503.36,SHREECEM,Peer_Comparison,Shree Cement
0,1.0,Siemens,1544.45,72.29,55000.99,-101.85,-58.74,18.79,11.75,12.15,75.0,0.02,541299.0,2.29,784.06,23.31,21.36,SIEMENS,Peer_Comparison,Siemens
0,1.0,Sun Pharma.Inds.,576.25,47.98,138261.68,-11.95,-2.39,11.42,9.73,12.73,54.69,0.22,9063967.0,1.52,292.97,24.17,12.01,SUNPHARMA,Peer_Comparison,Sun Pharma.Inds.
0,1.0,TCS,2797.7,34.58,1049804.67,-3.32,3.02,53.82,41.29,43.34,72.05,0.07,2943032.0,2.83,3553.76,26.36,78.49,TCS,Peer_Comparison,TCS
0,1.0,Tata Consumer,577.0,78.7,53173.53,17.46,21.65,10.2,6.91,7.1,34.7,0.02,3303024.0,8.35,987.84,9.5,7.39,TATACONSUM,Peer_Comparison,Tata Consumer
0,1.0,Tata Motors,177.65,,58732.61,13.75,-3.32,-6.43,-10.92,-24.72,42.39,1.62,42464370.0,,,,-30.15,TATAMOTORS,Peer_Comparison,Tata Motors
1,2.0,Tata Steel,626.75,16.68,71950.12,-42.4,10.02,10.41,6.86,10.92,34.41,0.49,17464682.0,1.54,1040.46,18.61,42.3,TATASTEEL,Peer_Comparison,Tata Steel
4,5.0,Tech Mahindra,909.4,21.3,87965.4,-31.14,4.33,25.27,19.35,21.3,35.82,0.02,3439980.0,1.36,931.75,26.36,42.76,TECHM,Peer_Comparison,Tech Mahindra
0,1.0,Titan Company,1463.45,171.87,129923.07,-37.81,-2.64,24.29,16.12,23.34,52.9,0.64,2005100.0,13.29,1812.01,26.37,8.52,TITAN,Peer_Comparison,Titan Company
6,7.0,Torrent Pharma.,2703.8,47.22,45753.7,-13.72,2.31,14.4,8.51,18.04,71.25,0.61,426251.0,5.66,5187.18,24.17,57.26,TORNTPHARM,Peer_Comparison,Torrent Pharma.
1,2.0,UPL,442.15,119.8,33782.27,-75.76,14.11,8.75,5.01,5.87,27.88,0.22,38005349.0,443.7,25273.36,22.87,3.56,UPL,Peer_Comparison,UPL
0,1.0,UltraTech Cem.,5073.75,25.8,146447.15,89.8,8.08,13.05,9.67,16.32,59.95,0.42,1336838.0,1.08,3340.7,18.8,192.77,ULTRACEMCO,Peer_Comparison,UltraTech Cem.
1,2.0,United Breweries,1158.1,821.36,30620.16,-96.52,-42.95,16.71,11.86,12.75,57.72,0.06,1134975.0,78.52,1771.5,14.14,1.41,UBL,Peer_Comparison,United Breweries
0,1.0,United Spirits,595.65,159.94,43282.24,-42.83,-6.55,22.35,11.8,20.15,56.75,0.19,2216012.0,3.41,146.56,14.14,2.69,MCDOWELL-N,Peer_Comparison,United Spirits
3,4.0,Wipro,349.35,22.55,199665.34,-0.13,-2.17,21.65,15.81,18.11,74.3,0.11,11339120.0,11.62,2882.68,26.36,15.5,WIPRO,Peer_Comparison,Wipro
1,2.0,3M India,22874.75,353.83,25779.84,-23.11,-7.66,16.24,10.83,11.13,75.0,0.01,3516.0,23.49,24314.18,44.59,64.68,3MINDIA,Peer_Comparison,3M India
2,3.0,A B B,1161.4,127.2,24611.04,2.45,-7.64,14.19,8.75,9.19,75.0,0.02,214670.0,15.11,2284.16,23.31,9.45,ABB,Peer_Comparison,A B B
1,2.0,AIA Engineering,1945.95,23.18,18354.27,-36.68,9.05,26.54,22.85,23.72,58.47,0.04,49738.0,1.61,2157.43,26.14,83.94,AIAENG,Peer_Comparison,AIA Engineering
1,2.0,Aarti Industries,1226.45,46.29,21368.99,-4.09,20.27,15.33,9.7,18.92,47.55,0.69,353163.0,2.03,861.21,21.71,26.5,AARTIIND,Peer_Comparison,Aarti Industries
0,1.0,Adani Enterp.,455.15,198.41,50057.86,100.86,-12.55,15.93,7.1,13.27,74.91,1.01,3509641.0,31.15,1141.25,44.59,2.29,ADANIENT,Peer_Comparison,Adani Enterp.
2,3.0,Adani Gas,358.95,92.68,39477.68,18.82,-11.58,34.34,25.2,33.27,74.8,0.25,2067571.0,,,45.62,3.81,ADANIGAS,Peer_Comparison,Adani Gas
0,1.0,Aditya Bir. Fas.,159.95,,13289.1,-2727.25,-55.66,9.55,-2.37,-9.19,60.1,5.15,1353807.0,,,,-8.98,ABFRL,Peer_Comparison,Aditya Bir. Fas.
0,1.0,Ajanta Pharma,1680.85,27.18,14668.24,85.37,20.92,27.19,19.1,19.29,70.51,0.01,172952.0,3.66,3611.5,24.62,61.62,AJANTPHARM,Peer_Comparison,Ajanta Pharma
3,4.0,Akzo Nobel,2223.9,56.07,10127.71,34.58,-4.25,27.25,18.25,20.01,74.76,0.05,10614.0,5.5,3422.97,70.66,38.88,AKZOINDIA,Peer_Comparison,Akzo Nobel
7,8.0,Alembic Pharma,1087.45,17.51,21375.26,29.63,23.36,27.27,21.69,32.23,69.77,0.13,381964.0,0.63,641.0,24.17,63.56,APLLTD,Peer_Comparison,Alembic Pharma
4,5.0,Amara Raja Batt.,935.6,28.28,15981.22,-7.95,14.19,23.48,17.58,18.55,28.06,0.02,928395.0,2.94,1558.02,45.41,33.09,AMARAJABAT,Peer_Comparison,Amara Raja Batt.
0,1.0,Apollo Hospitals,2356.8,532.89,32789.02,-63.69,-1.99,13.26,4.57,9.11,30.82,0.76,1375186.0,433.24,91570.43,48.94,13.21,APOLLOHOSP,Peer_Comparison,Apollo Hospitals
2,3.0,Apollo Tyres,188.4,25.35,10777.42,120.3,4.88,7.21,4.28,6.63,37.61,0.56,11090447.0,-5.39,-636.02,29.26,7.37,APOLLOTYRE,Peer_Comparison,Apollo Tyres
1,2.0,Ashok Leyland,95.15,,27931.54,-162.91,-27.81,6.2,3.19,4.22,51.55,0.61,20008067.0,,,,-1.92,ASHOKLEY,Peer_Comparison,Ashok Leyland
4,5.0,Astrazeneca Phar,4477.0,137.75,11192.5,82.66,0.48,33.92,21.05,21.66,75.0,0.03,43600.0,3.41,1773.02,55.43,32.5,ASTRAZEN,Peer_Comparison,Astrazeneca Phar
0,1.0,Astral Poly Tech,1476.0,119.21,22240.49,2.17,4.11,21.25,14.42,16.76,55.74,0.04,369013.0,4.94,942.22,22.61,11.92,ASTRAL,Peer_Comparison,Astral Poly Tech
0,1.0,Atul,6074.5,30.6,18016.97,-18.56,-5.53,27.65,21.77,22.02,44.81,0.0,27454.0,1.29,4091.61,17.61,198.48,ATUL,Peer_Comparison,Atul
1,2.0,Balkrishna Inds,1653.7,34.04,31968.86,16.66,47.38,18.72,15.6,18.48,58.3,0.15,849983.0,2.64,2056.26,29.26,48.59,BALKRISIND,Peer_Comparison,Balkrishna Inds
0,1.0,Bata India,1627.95,2252.28,20923.64,-162.2,-49.05,25.22,13.17,18.06,52.96,0.65,790449.0,242.18,2789.92,30.7,0.72,BATAINDIA,Peer_Comparison,Bata India
0,1.0,Bayer Crop Sci.,5271.2,35.2,23689.88,-1.31,2.62,29.95,22.56,23.77,71.43,0.0,30319.0,4.24,9737.06,35.82,143.67,BAYERCROP,Peer_Comparison,Bayer Crop Sci.
0,1.0,Bharat Electron,118.55,16.98,28885.81,16.95,16.26,26.29,16.91,19.01,51.14,0.0,23911300.0,1.89,210.7,37.71,6.98,BEL,Peer_Comparison,Bharat Electron
0,1.0,Bharat Forge,541.15,157.53,25195.33,-70.38,-30.01,9.2,5.91,9.52,45.76,0.61,2963209.0,-24.2,-569.14,26.14,1.47,BHARATFORG,Peer_Comparison,Bharat Forge
4,5.0,B H E L,36.85,,12831.4,-568.98,-40.65,-0.2,-3.4,-4.91,63.17,0.17,65557588.0,,,23.31,-8.12,BHEL,Peer_Comparison,B H E L
1,2.0,Bombay Burmah,1341.45,300.08,9359.55,6.36,-0.79,2.93,-2.41,-6.93,65.93,4.12,128756.0,,,9.5,4.47,BBTC,Peer_Comparison,Bombay Burmah
7,8.0,CESC,627.5,10.56,8317.95,-17.09,-11.44,10.64,4.46,8.96,49.92,0.56,254730.0,1.94,1845.83,11.46,59.43,CESC,Peer_Comparison,CESC
4,5.0,Castrol India,127.85,18.97,12645.93,8.6,3.99,90.72,64.43,65.37,51.0,0.0,1964025.0,1.62,174.25,21.71,6.74,CASTROLIND,Peer_Comparison,Castrol India
0,1.0,Coromandel Inter,801.0,17.75,23485.99,15.56,-5.33,25.99,16.56,27.18,59.59,0.11,456375.0,0.84,606.98,7.14,45.16,COROMANDEL,Peer_Comparison,Coromandel Inter
3,4.0,Crompton Gr. Con,324.6,43.18,20364.17,23.2,11.4,35.28,27.47,38.55,26.19,0.18,1164189.0,0.21,25.27,23.31,7.52,CROMPTON,Peer_Comparison,Crompton Gr. Con
0,1.0,Cummins India,607.65,32.5,16844.06,-20.59,-11.33,16.93,13.33,15.01,51.0,0.12,2879714.0,-13.95,-4046.18,22.15,18.13,CUMMINSIND,Peer_Comparison,Cummins India
0,1.0,Dalmia BharatLtd,1067.35,219.09,19937.25,-89.58,-10.26,1.55,1.32,1.33,56.07,0.0,201527.0,,,17.94,4.73,DALBHARAT,Peer_Comparison,Dalmia BharatLtd
1,2.0,Dr Lal Pathlabs,2140.8,91.45,17842.47,0.5,15.12,31.74,21.88,22.32,55.76,0.0,228103.0,4.7,1760.2,48.94,23.41,LALPATHLAB,Peer_Comparison,Dr Lal Pathlabs
3,4.0,Emami,426.5,64.21,18958.51,19.7,10.43,16.66,13.18,14.24,53.86,0.09,554391.0,-5.07,-527.48,36.13,6.5,EMAMILTD,Peer_Comparison,Emami
3,4.0,Endurance Tech.,1160.85,61.71,16328.85,-1.59,-0.22,23.66,17.33,18.93,75.0,0.05,149126.0,3.27,984.74,45.41,18.81,ENDURANCE,Peer_Comparison,Endurance Tech.
1,2.0,ERIS Lifescience,537.85,23.53,7302.96,15.25,11.17,24.33,21.33,23.36,54.08,0.01,239550.0,0.82,297.43,24.62,22.8,ERIS,Peer_Comparison,ERIS Lifescience
0,1.0,Escorts,1332.8,29.2,17970.75,104.84,23.86,19.43,14.18,15.11,37.42,0.01,1278379.0,0.77,597.36,32.42,48.51,ESCORTS,Peer_Comparison,Escorts
2,3.0,Exide Inds.,193.65,25.19,16460.25,-3.59,5.46,17.38,13.55,13.72,45.99,0.04,4395486.0,2.78,333.2,45.41,7.49,EXIDEIND,Peer_Comparison,Exide Inds.
3,4.0,Fortis Health.,155.4,359.11,11732.05,105.96,-15.58,9.07,6.13,7.15,31.17,0.16,2949921.0,5.39,89.72,48.94,1.04,FORTIS,Peer_Comparison,Fortis Health.
3,4.0,Future Retail,80.05,,4340.98,-500.47,-73.72,11.83,1.17,3.43,33.86,3.72,3177321.0,,,84.18,-28.37,FRETAIL,Peer_Comparison,Future Retail
3,4.0,Gillette India,6008.1,74.25,19580.4,54.29,11.73,37.91,25.61,27.31,75.0,0.0,25451.0,13.31,17230.26,67.13,80.93,GILLETTE,Peer_Comparison,Gillette India
1,2.0,Glaxosmi. Pharma,1549.85,71.23,26255.39,-27.77,-0.31,32.69,7.51,8.65,75.0,0.03,44104.0,-3.69,1110.19,55.43,-18.82,GLAXO,Peer_Comparison,Glaxosmi. Pharma
7,8.0,Glenmark Pharma.,526.25,9.75,14849.1,-6.74,15.22,11.13,8.33,10.65,46.63,0.14,2289122.0,2.96,2621.65,24.17,55.29,GLENMARK,Peer_Comparison,Glenmark Pharma.
0,1.0,Godrej Agrovet,527.95,34.53,10140.44,-17.7,-9.86,22.0,16.56,19.76,70.07,0.18,187342.0,2.86,699.87,16.54,15.29,GODREJAGRO,Peer_Comparison,Godrej Agrovet
2,3.0,Godrej Industrie,451.95,,15209.25,-14.98,-1.09,5.94,1.05,3.01,64.97,2.1,198518.0,,,21.71,-0.64,GODREJIND,Peer_Comparison,Godrej Industrie
0,1.0,Gujarat Gas,359.4,25.35,24740.74,-8.21,0.0,29.03,24.01,43.64,60.89,0.39,891720.0,1.16,264.19,22.71,14.18,GUJGASLTD,Peer_Comparison,Gujarat Gas
4,5.0,Guj.St.Petronet,233.05,14.32,13148.95,-40.39,-9.2,17.53,13.32,17.79,37.63,0.09,977986.0,0.67,173.25,45.62,16.28,GSPL,Peer_Comparison,Guj.St.Petronet
1,2.0,Hatsun AgroProd.,785.2,107.3,16926.7,160.66,3.79,12.58,5.37,13.14,73.68,1.29,192321.0,4.32,505.51,40.06,7.32,HATSUN,Peer_Comparison,Hatsun AgroProd.
0,1.0,Hind.Aeronautics,873.15,12.11,29197.04,-0.97,40.73,23.66,10.08,21.76,75.15,0.31,548866.0,,,21.17,72.26,HAL,Peer_Comparison,Hind.Aeronautics
1,2.0,Honeywell Auto,31821.8,60.89,28130.47,-10.12,-8.2,34.78,24.04,25.05,75.0,0.03,4797.0,2.09,17440.53,37.71,522.55,HONAUT,Peer_Comparison,Honeywell Auto
0,1.0,ITI,132.85,264.99,12290.21,-879.42,3.45,8.89,4.18,7.39,90.3,0.68,1114492.0,13.14,117.77,22.8,0.56,ITI,Peer_Comparison,ITI
0,1.0,Indian Hotels Co,128.45,,15276.02,-206.06,-72.4,8.64,4.91,7.75,40.75,0.76,1934699.0,,,51.64,-1.01,INDHOTEL,Peer_Comparison,Indian Hotels Co
0,1.0,I R C T C,1479.0,70.74,23664.0,-96.98,-82.75,62.85,40.71,44.14,87.4,0.0,9769726.0,2.19,798.25,70.74,22.78,IRCTC,Peer_Comparison,I R C T C
7,8.0,Ipca Labs.,2228.1,26.82,28263.92,40.64,7.03,20.48,16.47,18.86,46.07,0.07,288989.0,1.3,1737.97,24.17,83.31,IPCALAB,Peer_Comparison,Ipca Labs.
4,5.0,J K Cements,1936.6,34.05,14963.77,105.46,23.64,19.46,8.9,17.59,58.07,0.78,100578.0,1.22,1112.11,18.8,56.81,JKCEMENT,Peer_Comparison,J K Cements
7,8.0,JSW Energy,67.9,27.97,11154.52,-45.3,-36.81,5.71,3.69,4.66,74.9,0.14,2936878.0,-1.99,-81.92,11.46,2.57,JSWENERGY,Peer_Comparison,JSW Energy
0,1.0,Jindal Steel,263.3,14.28,26857.02,6487.33,19.57,8.45,1.39,2.71,60.47,0.6,9235918.0,0.19,56.3,11.88,18.44,JINDALSTEL,Peer_Comparison,Jindal Steel
0,1.0,Jubilant Food.,2633.65,242.27,34756.03,-8.05,-18.49,29.29,14.99,24.87,42.02,1.35,875804.0,11.96,1871.19,241.73,9.78,JUBLFOOD,Peer_Comparison,Jubilant Food.
2,3.0,Kansai Nerolac,549.45,73.44,29610.94,-13.96,3.58,18.81,14.53,14.66,74.99,0.01,187820.0,5.06,593.99,70.66,7.34,KANSAINER,Peer_Comparison,Kansai Nerolac
2,3.0,L&T Technology,1817.6,27.97,19063.84,-11.87,-6.61,42.64,28.22,31.31,74.36,0.17,166610.0,1.38,1442.33,19.32,65.2,LTTS,Peer_Comparison,L&T Technology
0,1.0,MRF,77547.65,24.79,32880.2,82.9,6.05,12.87,10.3,12.23,27.87,0.08,20850.0,2.68,134229.59,29.26,3126.97,MRF,Peer_Comparison,MRF
5,6.0,Mahanagar Gas,1076.25,19.61,10630.96,-46.66,-35.33,36.55,29.1,29.66,32.5,0.02,1197861.0,0.91,800.29,45.62,54.89,MGL,Peer_Comparison,Mahanagar Gas
4,5.0,M R P L,36.9,,6467.09,106.41,-53.17,-16.18,-13.29,-29.14,88.58,1.66,7168370.0,,,8.36,-12.07,MRPL,Peer_Comparison,M R P L
4,5.0,Metropolis Healt,1947.9,78.33,9955.1,65.28,40.79,34.95,25.71,27.96,50.57,0.08,94640.0,3.09,1138.58,48.94,23.03,METROPOLIS,Peer_Comparison,Metropolis Healt
6,7.0,Mindtree,1437.05,27.21,23671.05,87.93,0.61,27.28,17.63,19.52,67.59,0.16,680807.0,6.4,5412.81,26.36,52.84,MINDTREE,Peer_Comparison,Mindtree
6,7.0,Minda Industries,384.55,180.6,10457.02,46.0,8.02,10.27,5.81,9.19,70.88,0.35,83080.0,8.95,224.92,45.41,1.57,MINDAIND,Peer_Comparison,Minda Industries
1,2.0,Mphasis,1326.95,19.54,24775.05,32.46,34.02,39.09,29.64,34.69,56.16,0.21,262266.0,1.11,1209.28,19.32,67.96,MPHASIS,Peer_Comparison,Mphasis
7,8.0,Natco Pharma,956.45,43.32,17425.21,-41.98,4.63,14.45,11.13,12.42,48.91,0.11,406770.0,1.86,659.11,24.17,22.09,NATCOPHARM,Peer_Comparison,Natco Pharma
5,6.0,NHPC Ltd,22.3,7.57,22400.43,-3.06,-1.97,9.52,5.92,10.95,70.95,0.68,9317982.0,0.82,36.62,11.46,2.8,NHPC,Peer_Comparison,NHPC Ltd
7,8.0,NLC India,57.45,7.28,7966.23,-93.96,-21.31,10.99,4.54,11.26,79.2,1.27,1646832.0,7.43,914.01,11.46,7.69,NLCINDIA,Peer_Comparison,NLC India
1,2.0,Natl. Aluminium,43.1,41.69,8040.81,479.01,0.48,2.24,1.25,1.35,51.5,0.0,22338762.0,-1.2,-19.78,17.08,1.03,NATIONALUM,Peer_Comparison,Natl. Aluminium
5,6.0,Navin Fluo.Intl.,2504.05,28.63,12391.12,45.14,16.62,20.68,31.69,32.44,30.51,0.0,79723.0,0.51,713.67,21.71,87.48,NAVINFLUOR,Peer_Comparison,Navin Fluo.Intl.
1,2.0,Oil India,116.85,8.47,12671.27,-47.87,-32.51,7.21,6.89,9.91,56.66,0.39,3488437.0,14.6,2848.26,14.9,12.19,OIL,Peer_Comparison,Oil India
0,1.0,P I Industries,2335.95,63.31,35439.5,70.36,17.99,22.61,15.89,18.18,46.78,0.08,364225.0,5.16,3237.18,22.87,39.18,PIIND,Peer_Comparison,P I Industries
0,1.0,Page Industries,24000.75,141.32,26760.84,-3.18,-4.53,53.49,36.62,43.04,48.32,0.16,40399.0,11.87,32230.93,17.85,169.77,PAGEIND,Peer_Comparison,Page Industries
2,3.0,Pfizer,5310.3,48.79,24293.42,-14.83,5.0,20.42,15.49,15.92,63.92,0.0,194278.0,1.27,2205.53,55.43,108.83,PFIZER,Peer_Comparison,Pfizer
0,1.0,Polycab India,1037.75,20.36,15470.08,10.37,-6.47,29.18,20.76,22.38,68.53,0.02,776605.0,0.56,453.52,25.52,51.01,POLYCAB,Peer_Comparison,Polycab India
1,2.0,Rajesh Exports,481.7,64.71,14222.67,-79.62,-97.55,7.85,4.87,8.49,54.05,0.11,145367.0,7.32,871.39,26.37,7.44,RAJESHEXPO,Peer_Comparison,Rajesh Exports
1,2.0,Relaxo Footwear,728.6,88.18,18101.49,6.46,-7.38,23.43,16.91,19.03,70.98,0.13,194049.0,5.18,685.14,30.7,8.27,RELAXO,Peer_Comparison,Relaxo Footwear
7,8.0,SJVN,25.95,6.91,10197.82,-15.69,-9.66,16.86,11.37,14.41,86.77,0.15,3576768.0,-4.8,-280.24,11.46,3.65,SJVN,Peer_Comparison,SJVN
1,2.0,SKF India,1657.65,42.84,8195.08,-23.16,-5.88,19.56,13.94,14.6,52.58,0.04,23682.0,8.01,4956.95,51.4,38.69,SKFINDIA,Peer_Comparison,SKF India
1,2.0,SRF,5311.8,37.3,31469.87,-26.43,16.45,15.64,13.24,22.39,52.32,0.47,134174.0,1.41,3301.86,15.18,146.78,SRF,Peer_Comparison,SRF
3,4.0,Sanofi India,8002.35,37.41,18429.41,-14.79,-11.87,28.38,18.98,19.4,60.4,0.01,36257.0,2.07,6492.51,55.43,196.22,SANOFI,Peer_Comparison,Sanofi India
0,1.0,Schaeffler India,4287.3,57.3,13402.41,20.16,8.26,18.82,12.66,12.98,74.13,0.02,17642.0,3.0,3595.12,51.4,74.82,SCHAEFFLER,Peer_Comparison,Schaeffler India
0,1.0,Sheela Foam,1649.15,58.64,8045.02,-9.41,3.17,28.97,19.43,21.51,72.95,0.0,20719.0,1.64,687.71,12.25,26.16,SFL,Peer_Comparison,Sheela Foam
7,8.0,Solar Industries,1088.55,57.84,9850.29,-39.35,5.75,23.94,19.31,22.35,73.15,0.16,30819.0,4.46,1342.85,21.71,18.82,SOLARINDS,Peer_Comparison,Solar Industries
2,3.0,S A I L,58.55,13.6,24184.23,172.92,19.79,8.44,2.65,6.43,75.0,1.22,57867072.0,3.02,165.49,18.61,3.43,SAIL,Peer_Comparison,S A I L
2,3.0,Sumitomo Chemi.,301.3,57.84,15039.26,20.87,8.91,29.27,19.34,22.41,75.0,0.03,657026.0,1.27,106.19,22.87,5.22,SUMICHEM,Peer_Comparison,Sumitomo Chemi.
0,1.0,Sundram Fasten.,558.1,50.73,11727.26,36.99,0.0,15.88,11.8,16.42,49.53,0.27,155972.0,2.87,488.94,44.66,10.65,SUNDRMFAST,Peer_Comparison,Sundram Fasten.
1,2.0,Supreme Inds.,1742.25,45.69,22131.26,14.04,8.18,27.42,20.82,24.08,48.85,0.03,140455.0,3.75,2284.8,22.61,38.13,SUPREMEIND,Peer_Comparison,Supreme Inds.
3,4.0,Symphony,924.25,48.81,6465.78,-52.63,-42.56,36.68,28.34,28.35,75.0,0.0,168696.0,3.53,1059.19,54.01,18.73,SYMPHONY,Peer_Comparison,Symphony
7,8.0,Syngene Intl.,612.05,69.35,24482.0,12.59,11.28,16.63,11.12,17.02,71.14,0.32,869312.0,4.62,651.58,24.17,8.82,SYNGENE,Peer_Comparison,Syngene Intl.
1,2.0,TTK Prestige,5719.2,53.55,7927.61,-22.56,2.9,20.58,16.04,16.18,70.41,0.01,7187.0,3.15,5388.56,54.01,106.79,TTKPRESTIG,Peer_Comparison,TTK Prestige
2,3.0,TVS Motor Co.,487.65,71.25,23168.25,-2.53,5.93,17.07,11.56,17.61,57.4,0.52,3870030.0,5.92,503.19,53.02,5.31,TVSMOTOR,Peer_Comparison,TVS Motor Co.
3,4.0,Tata Chemicals,509.5,22.43,12980.02,-32.23,1.29,6.3,4.62,4.82,35.47,0.0,7775582.0,-15.58,-65677.53,21.71,263.53,TATACHEM,Peer_Comparison,Tata Chemicals
1,2.0,Tata Comm,1030.75,37.24,29376.38,357.86,8.34,8.64,3.61,4.24,74.98,0.16,73788.0,-3.68,-1114.47,36.71,18.91,TATACOMM,Peer_Comparison,Tata Comm
4,5.0,Tata Power Co.,73.45,986.95,23469.77,-6.22,-22.22,4.96,0.68,1.64,46.85,0.92,40935378.0,-38.81,310.48,11.46,-0.5,TATAPOWER,Peer_Comparison,Tata Power Co.
1,2.0,The Ramco Cement,837.45,33.69,19752.45,40.21,-4.53,12.26,8.53,12.82,42.62,0.45,749286.0,1.69,672.92,17.94,24.88,RAMCOCEM,Peer_Comparison,The Ramco Cement
1,2.0,Thermax,908.95,71.62,10830.71,-34.91,-14.74,11.08,6.2,8.27,65.58,0.03,20099.0,-11.26,-1978.33,21.17,10.98,THERMAX,Peer_Comparison,Thermax
7,8.0,Torrent Power,335.7,7.15,16134.31,32.66,-20.29,13.51,8.72,18.35,53.57,0.9,1767116.0,0.4,178.54,11.46,27.64,TORNTPOWER,Peer_Comparison,Torrent Power
1,2.0,Trent,699.8,,24877.01,-225.59,-44.73,19.29,3.99,6.82,37.01,0.0,860810.0,,,84.18,-3.63,TRENT,Peer_Comparison,Trent
0,1.0,Tube Investments,846.15,75.04,15904.78,6.27,-2.28,22.48,16.55,20.92,47.88,0.08,475953.0,,,80.16,10.05,TIINDIA,Peer_Comparison,Tube Investments
5,6.0,V-Guard Industri,190.1,63.2,8153.66,-12.75,-0.43,26.12,18.81,19.62,62.64,0.01,740073.0,2.97,142.9,23.31,3.01,VGUARD,Peer_Comparison,V-Guard Industri
0,1.0,Varun Beverages,901.9,91.74,26036.84,21.86,-1.81,14.95,7.15,13.79,66.4,0.53,560615.0,1.39,173.03,40.06,7.76,VBL,Peer_Comparison,Varun Beverages
7,8.0,Vinati Organics,1115.05,41.56,11460.71,-43.61,-11.92,36.39,28.38,28.52,74.06,0.0,92112.0,1.77,761.45,21.71,26.83,VINATIORGA,Peer_Comparison,Vinati Organics
0,1.0,Voltas,808.05,55.08,26737.14,-19.8,5.24,20.85,15.15,15.85,30.3,0.07,1092309.0,3.79,881.89,37.76,14.54,VOLTAS,Peer_Comparison,Voltas
5,6.0,WABCO India,5695.3,146.02,10798.29,3.69,-6.12,10.51,7.35,7.46,93.11,0.0,2353.0,49.16,30671.08,45.41,38.99,WABCOINDIA,Peer_Comparison,WABCO India
0,1.0,Whirlpool India,2095.1,86.94,26580.53,3.04,14.78,28.63,18.58,20.27,75.0,0.0,67118.0,4.91,1895.09,54.01,24.1,WHIRLPOOL,Peer_Comparison,Whirlpool India
2,3.0,Zydus Wellness,1879.25,,11958.07,-74.76,-41.58,1.78,-0.84,-1.24,64.82,0.01,37284.0,,,40.06,-8.1,ZYDUSWELL,Peer_Comparison,Zydus Wellness
6,7.0,ABB Power Produc,1360.7,276.19,5766.87,-225.02,-9.42,,999.0,,75.0,0.26,49975.0,,,23.31,18.95,POWERINDIA,Peer_Comparison,ABB Power Produc
3,4.0,APL Apollo Tubes,762.96,85.41,9517.67,59.76,22.34,10.96,6.24,10.09,39.51,0.41,96457.0,2.88,412.41,18.61,8.96,APLAPOLLO,Peer_Comparison,APL Apollo Tubes
5,6.0,Aarti Drugs,780.0,33.03,7269.6,126.56,16.37,20.35,12.65,22.68,60.21,0.44,694044.0,3.07,1192.64,22.03,24.26,AARTIDRUGS,Peer_Comparison,Aarti Drugs
7,8.0,Advanced Enzyme,340.35,55.12,3802.52,80.54,22.76,21.51,15.88,16.8,55.45,0.0,173836.0,2.27,224.01,21.71,6.18,ADVENZYMES,Peer_Comparison,Advanced Enzyme
2,3.0,Aegis Logistics,248.55,130.35,8583.26,146.41,-19.01,2.3,1.92,2.73,58.69,0.21,331274.0,-6.33,-195.59,44.59,1.93,AEGISCHEM,Peer_Comparison,Aegis Logistics
1,2.0,Affle India,3693.9,328.04,9418.1,-17.25,45.85,41.53,30.4,31.13,68.38,0.01,67230.0,4.62,832.51,22.71,11.26,AFFLE,Peer_Comparison,Affle India
7,8.0,Alembic,102.6,42.73,2634.58,-90.98,-30.13,20.65,20.36,20.56,70.41,0.0,435660.0,1.39,53.41,24.17,2.4,ALEMBICLTD,Peer_Comparison,Alembic
7,8.0,Alkyl Amines,3867.2,36.06,7892.96,21.49,23.96,41.11,32.53,41.99,74.14,0.05,26969.0,1.09,2093.4,21.71,119.88,ALKYLAMINE,Peer_Comparison,Alkyl Amines
1,2.0,Allcargo Logist.,137.9,19.12,3388.14,-22.16,-0.3,8.09,5.27,8.13,70.01,0.39,2025247.0,4.51,829.74,24.81,11.5,ALLCARGO,Peer_Comparison,Allcargo Logist.
0,1.0,Alok Industries,23.6,,11717.97,-207.2,-2.86,-5.07,-5.72,,75.0,,14039429.0,,,17.33,-31.15,ALOKINDS,Peer_Comparison,Alok Industries
2,3.0,Amber Enterp.,2324.3,209.28,7831.43,-287.36,-43.47,12.54,9.07,11.44,40.27,0.25,175912.0,5.77,1115.54,37.71,12.08,AMBER,Peer_Comparison,Amber Enterp.
5,6.0,Aster DM Health.,161.7,232.17,8077.13,-349.31,-17.42,3.52,1.86,2.4,38.09,0.12,142264.0,10.14,110.35,48.94,0.68,ASTERDM,Peer_Comparison,Aster DM Health.
1,2.0,Avanti Feeds,547.7,26.79,7462.17,-12.61,7.69,32.62,24.57,24.67,43.69,0.0,476159.0,1.37,448.15,16.54,20.44,AVANTIFEED,Peer_Comparison,Avanti Feeds
7,8.0,BASF India,1589.7,88.26,6881.81,699.52,15.5,5.1,1.97,3.3,73.33,0.36,20489.0,4.43,6378.09,21.71,90.06,BASF,Peer_Comparison,BASF India
4,5.0,BEML Ltd,782.0,42.42,3256.25,170.83,-3.46,2.48,1.99,3.07,54.03,0.15,777944.0,0.7,207.82,21.17,18.43,BEML,Peer_Comparison,BEML Ltd
5,6.0,Bajaj Consumer,203.1,16.11,2996.54,-0.07,3.78,38.67,31.33,32.55,38.04,0.02,501449.0,-9.76,-1969.91,36.13,12.61,BAJAJCON,Peer_Comparison,Bajaj Consumer
2,3.0,Bajaj Electrical,597.25,239.79,6800.44,263.56,11.2,7.47,0.0,-0.01,63.12,0.27,204911.0,16.23,963.71,54.01,3.71,BAJAJELEC,Peer_Comparison,Bajaj Electrical
1,2.0,Balmer Lawrie,117.0,15.03,2000.75,-25.08,-5.18,17.99,12.85,13.51,0.0,0.02,307084.0,4.04,502.94,28.31,7.78,BALMLAWRIE,Peer_Comparison,Balmer Lawrie
1,2.0,Balrampur Chini,176.65,7.21,3709.65,-23.3,50.51,15.8,12.91,22.39,41.21,0.13,2088421.0,0.12,45.23,4.61,23.55,BALRAMCHIN,Peer_Comparison,Balrampur Chini
2,3.0,Bharat Dynamics,338.45,19.94,6203.15,-75.34,-58.03,30.56,18.03,21.94,74.93,0.0,501437.0,5.22,1417.31,21.17,16.97,BDL,Peer_Comparison,Bharat Dynamics
4,5.0,Bharat Rasayan,9462.8,27.81,4021.69,-31.35,-12.91,34.23,24.32,32.91,74.83,0.05,3726.0,0.73,3928.93,22.87,337.3,BHARATRAS,Peer_Comparison,Bharat Rasayan
5,6.0,Birla Corpn.,740.9,22.14,5705.67,23.62,-4.63,9.97,4.75,7.32,62.9,0.24,184107.0,1.14,608.46,18.8,33.46,BIRLACORPN,Peer_Comparison,Birla Corpn.
7,8.0,Birlasoft Ltd,197.15,33.94,5463.33,26.61,13.29,17.74,10.31,11.33,40.91,0.09,2492395.0,-15.15,-1408.51,19.32,5.81,BSOFT,Peer_Comparison,Birlasoft Ltd
3,4.0,Bliss GVS Pharma,176.3,23.97,1818.48,-33.93,14.25,17.31,12.62,14.27,41.6,0.11,1171916.0,2.71,318.59,24.62,7.36,BLISSGVS,Peer_Comparison,Bliss GVS Pharma
0,1.0,Blue Dart Expres,3821.0,,9067.23,377.63,8.04,6.7,3.08,4.17,75.0,0.65,15436.0,,,17.15,-60.44,BLUEDART,Peer_Comparison,Blue Dart Expres
0,1.0,Blue Star,792.3,646.69,7630.95,-44.91,-23.9,14.96,8.95,13.7,38.76,1.08,123372.0,2020.91,36537.99,146.91,1.13,BLUESTARCO,Peer_Comparison,Blue Star
2,3.0,CCL Products,257.25,20.25,3422.14,-18.63,-7.84,27.64,20.84,33.16,46.19,0.39,249534.0,0.77,157.18,9.5,12.71,CCL,Peer_Comparison,CCL Products
2,3.0,Caplin Point Lab,503.85,21.06,3811.26,3.67,-12.26,48.11,37.27,37.58,69.03,0.0,228899.0,0.42,161.69,24.62,23.93,CAPLIPOINT,Peer_Comparison,Caplin Point Lab
1,2.0,Carborundum Uni.,374.6,43.42,7097.37,15.4,-2.21,17.75,14.1,14.18,42.05,0.0,287630.0,2.59,357.72,28.44,8.63,CARBORUNIV,Peer_Comparison,Carborundum Uni.
3,4.0,CEAT,1164.6,15.6,4710.82,240.98,16.47,11.32,6.59,10.24,46.82,0.62,214682.0,-17.93,-18593.77,29.26,64.81,CEATLTD,Peer_Comparison,CEAT
7,8.0,Century Plyboard,224.95,49.57,4997.78,-1.36,-11.8,17.07,10.82,15.11,73.05,0.26,294949.0,82.62,6001.27,22.71,4.54,CENTURYPLY,Peer_Comparison,Century Plyboard
0,1.0,Century Textiles,376.25,29.0,4202.55,-99.82,-30.97,9.71,8.32,13.09,50.21,0.35,1248234.0,0.29,60.89,16.83,12.97,CENTURYTEX,Peer_Comparison,Century Textiles
2,3.0,Chalet Hotels,204.4,,4190.69,-413.37,-75.28,7.44,2.73,5.54,71.42,1.05,846215.0,,,51.64,-0.53,CHALET,Peer_Comparison,Chalet Hotels
1,2.0,Chambal Fert.,230.5,7.4,9593.59,10.89,12.3,14.2,9.46,33.44,60.45,1.42,3235279.0,0.23,117.35,7.14,32.27,CHAMBLFERT,Peer_Comparison,Chambal Fert.
5,6.0,C P C L,110.9,,1651.43,236.44,-47.36,-26.18,-20.52,-73.91,67.29,5.02,3734945.0,,,8.36,-71.79,CHENNPETRO,Peer_Comparison,C P C L
0,1.0,Cochin Shipyard,359.85,10.27,4733.48,-47.8,-32.43,24.92,16.43,18.01,72.86,0.03,442986.0,0.18,103.22,13.33,35.04,COCHINSHIP,Peer_Comparison,Cochin Shipyard
7,8.0,Cyient,535.15,23.75,5885.11,-26.1,-13.21,15.6,10.68,11.43,23.48,0.05,832301.0,-13.27,-4782.91,19.32,22.53,CYIENT,Peer_Comparison,Cyient
1,2.0,DCM Shriram,386.85,10.37,6032.63,-8.18,16.11,18.8,12.24,19.22,67.37,0.27,112740.0,0.41,241.74,37.76,37.08,DCMSHRIRAM,Peer_Comparison,DCM Shriram
6,7.0,Deepak Nitrite,882.1,29.07,12031.23,-48.45,-21.77,47.42,35.16,43.03,45.69,0.02,982684.0,0.49,238.09,21.71,30.34,DEEPAKNTR,Peer_Comparison,Deepak Nitrite
0,1.0,Delta Corp,165.2,171.98,4407.88,-141.92,-99.51,9.91,6.55,6.56,33.28,0.0,3925470.0,4.76,96.64,197.58,1.27,DELTACORP,Peer_Comparison,Delta Corp
5,6.0,Dhanuka Agritech,746.95,18.45,3479.17,16.82,10.04,26.29,19.83,20.86,75.18,0.01,58859.0,3.16,2003.22,22.87,39.63,DHANUKA,Peer_Comparison,Dhanuka Agritech
7,8.0,Dishman Carbogen,155.05,,2430.92,-155.84,-82.82,2.0,0.78,0.88,63.21,0.1,700463.0,,,24.17,-3.9,DCAL,Peer_Comparison,Dishman Carbogen
0,1.0,Dixon Technolog.,12900.5,147.06,15106.32,28.59,26.49,33.33,18.77,25.35,36.01,0.18,67501.0,2.38,3374.18,53.93,88.78,DIXON,Peer_Comparison,Dixon Technolog.
0,1.0,EID Parry,338.65,48.84,5996.7,2058.13,20.24,4.19,-0.07,-0.11,44.77,0.15,467109.0,,,4.61,22.94,EIDPARRY,Peer_Comparison,EID Parry
1,2.0,EIH,101.65,,6356.83,-331.63,-78.99,5.21,4.07,4.83,35.25,0.25,1052806.0,,,51.64,-2.29,EIHOTEL,Peer_Comparison,EIH
0,1.0,Esab India,1724.85,43.74,2654.54,-6.15,-3.82,32.01,23.02,23.48,73.72,0.01,27943.0,2.44,1538.17,38.8,39.43,ESABINDIA,Peer_Comparison,Esab India
0,1.0,Elgi Equipments,162.45,60.88,5148.19,20.72,-2.22,17.48,13.14,14.59,31.94,0.14,663639.0,4.77,203.98,20.45,2.67,ELGIEQUIP,Peer_Comparison,Elgi Equipments
7,8.0,FDC,347.35,18.7,5863.62,45.37,8.8,21.67,16.2,16.3,69.24,0.0,178864.0,1.5,439.69,24.17,18.34,FDC,Peer_Comparison,FDC
7,8.0,Fine Organic,2485.3,59.34,7619.92,-49.8,-3.12,31.86,23.71,29.21,75.0,0.11,24077.0,,,21.71,41.88,FINEORG,Peer_Comparison,Fine Organic
1,2.0,Finolex Cables,358.6,18.17,5484.4,-43.89,-10.67,19.47,15.52,15.61,35.92,0.0,425177.0,0.94,297.04,25.52,19.74,FINCABLES,Peer_Comparison,Finolex Cables
2,3.0,Finolex Inds.,640.25,24.53,7945.5,16.61,1.58,16.43,12.76,14.27,52.65,0.11,47139.0,0.59,245.54,22.61,26.1,FINPIPE,Peer_Comparison,Finolex Inds.
7,8.0,Firstsour.Solu.,78.65,28.16,5470.45,25.14,20.91,9.8,7.79,8.15,55.03,0.11,3547715.0,14.08,630.78,19.32,2.8,FSL,Peer_Comparison,Firstsour.Solu.
5,6.0,GE Power,305.75,23.12,2055.56,203.91,70.92,21.71,6.45,7.63,68.58,0.37,369234.0,-1.67,-540.01,10.14,20.16,GEPIL,Peer_Comparison,GE Power
7,8.0,GHCL,195.45,6.38,1857.03,-35.9,-6.31,18.69,12.16,19.67,19.26,0.36,322600.0,0.41,189.02,21.71,28.72,GHCL,Peer_Comparison,GHCL
3,4.0,GMM Pfaudler,3744.1,77.21,5472.94,39.07,13.25,33.1,24.05,25.74,54.95,0.2,35762.0,2.52,1952.5,21.17,48.49,GMMPFAUDLR,Peer_Comparison,GMM Pfaudler
0,1.0,Galaxy Surfact.,1886.8,38.4,6689.6,-8.08,9.71,24.45,17.85,21.92,70.93,0.09,55659.0,2.32,1822.06,20.52,49.14,GALAXYSURF,Peer_Comparison,Galaxy Surfact.
2,3.0,Garden Reach Sh.,196.3,16.16,2248.66,-11.5,-37.94,22.36,15.08,16.23,74.5,0.0,276748.0,,,13.33,10.22,GRSE,Peer_Comparison,Garden Reach Sh.
2,3.0,Garware Tech.,2146.6,28.35,4697.2,-1.56,20.0,27.69,21.47,24.85,53.02,0.18,9811.0,0.87,1055.06,12.87,75.71,GARFIBRES,Peer_Comparison,Garware Tech.
2,3.0,Godfrey Phillips,1008.4,17.19,5243.07,-17.11,-3.05,21.03,14.61,16.25,72.28,0.15,368818.0,1.24,1168.47,15.17,58.67,GODFRYPHLP,Peer_Comparison,Godfrey Phillips
4,5.0,Granules India,380.25,21.63,9417.83,63.77,30.64,16.38,12.38,19.71,42.04,0.4,1430749.0,0.79,288.63,22.03,22.71,GRANULES,Peer_Comparison,Granules India
0,1.0,Graphite India,287.5,,5617.05,-97.01,-43.22,0.4,0.68,0.74,65.34,0.08,2169826.0,,,11.77,-17.35,GRAPHITE,Peer_Comparison,Graphite India
0,1.0,GE Shipping Co,285.6,4.37,4197.36,4463.21,-1.93,5.8,1.85,3.46,29.49,0.52,1270635.0,-0.61,-674.02,6.2,68.54,GESHIP,Peer_Comparison,GE Shipping Co
1,2.0,Greaves Cotton,85.1,37.82,1967.57,-68.76,-41.18,15.0,11.14,11.5,54.82,0.02,1859632.0,-21.49,-326.63,22.15,0.95,GREAVESCOT,Peer_Comparison,Greaves Cotton
0,1.0,Grindwell Norton,658.0,40.22,7285.38,22.8,12.86,20.13,14.78,15.15,58.32,0.01,47052.0,3.45,902.14,28.44,16.36,GRINDWELL,Peer_Comparison,Grindwell Norton
0,1.0,Gujarat Alkalies,351.65,15.19,2582.52,-35.11,-8.67,10.82,6.97,7.49,46.28,0.02,230550.0,1.77,657.57,18.84,23.16,GUJALKALI,Peer_Comparison,Gujarat Alkalies
1,2.0,Guj. Ambuja Exp,124.25,13.02,2849.49,400.82,8.91,13.6,10.26,11.89,63.84,0.07,370499.0,0.99,150.56,12.26,9.54,GAEL,Peer_Comparison,Guj. Ambuja Exp
7,8.0,Gujarat Fluoroch,575.1,30.5,6317.47,203.75,-9.94,9.2,4.15,5.68,68.37,0.34,80306.0,,,21.71,18.85,FLUOROCHEM,Peer_Comparison,Gujarat Fluoroch
5,6.0,G M D C,55.35,8.12,1760.13,-69.07,-22.83,6.17,4.23,4.76,74.0,0.0,3966736.0,-0.58,-63.74,17.27,6.82,GMDCLTD,Peer_Comparison,G M D C
2,3.0,G N F C,248.05,7.86,3855.19,69.41,-10.9,7.62,7.48,9.76,41.18,0.0,1728299.0,0.31,156.24,7.14,31.58,GNFC,Peer_Comparison,G N F C
0,1.0,Guj Pipavav Port,91.0,16.47,4399.3,-22.55,-8.32,17.58,13.59,14.24,44.01,0.03,422374.0,-2.31,-204.39,16.47,5.53,GPPL,Peer_Comparison,Guj Pipavav Port
5,6.0,G S F C,76.35,16.71,3042.38,205.49,-11.87,2.95,1.14,1.45,37.84,0.08,2701416.0,-0.7,-51.08,7.14,4.57,GSFC,Peer_Comparison,G S F C
7,8.0,Gulf Oil Lubric.,766.45,22.93,3854.55,-4.61,-2.26,28.85,20.09,30.07,72.18,0.4,28865.0,1.08,580.26,21.71,33.53,GULFOILLUB,Peer_Comparison,Gulf Oil Lubric.
1,2.0,HEG,876.1,,3381.35,-118.94,-42.79,-0.16,-0.45,-0.53,59.62,0.07,1089317.0,,,11.77,-99.29,HEG,Peer_Comparison,HEG
6,7.0,Heidelberg Cem.,208.8,19.53,4731.68,7.31,-1.61,27.63,14.99,21.57,69.39,0.23,369304.0,0.38,65.31,18.8,10.69,HEIDELBERG,Peer_Comparison,Heidelberg Cem.
7,8.0,Heritage Foods,328.4,,1523.71,-92.95,-10.86,-13.3,-14.82,-25.28,39.9,0.26,559344.0,,,40.06,-21.73,HERITGFOOD,Peer_Comparison,Heritage Foods
7,8.0,Himadri Special,43.1,20.31,1805.06,-67.97,-20.11,11.69,6.71,8.72,48.9,0.35,2926829.0,0.39,-5.63,21.71,-0.91,HSCL,Peer_Comparison,Himadri Special
1,2.0,Hindustan Copper,53.05,,4908.29,-52.77,2.44,-18.07,-21.21,-43.84,76.05,1.47,7099447.0,,,21.32,-6.18,HINDCOPPER,Peer_Comparison,Hindustan Copper
4,5.0,IFB Industries,1163.95,,4716.33,48.2,3.26,5.46,2.99,4.18,74.96,0.52,230827.0,,,54.01,-3.67,IFBIND,Peer_Comparison,IFB Industries
7,8.0,IOL Chemicals,765.5,10.15,4493.91,44.77,18.83,68.87,44.05,56.93,43.69,0.02,211617.0,0.21,251.84,24.17,76.45,IOLCP,Peer_Comparison,IOL Chemicals
2,3.0,India Cements,152.05,65.45,4711.99,719.15,-14.13,4.23,0.64,1.08,28.42,0.51,1901304.0,4.33,-63.11,17.94,-0.91,INDIACEM,Peer_Comparison,India Cements
1,2.0,Indiamart Inter.,5387.85,60.5,15690.24,684.21,5.82,85.97,29.02,69.8,52.31,0.28,84150.0,1.27,1785.37,38.46,87.83,INDIAMART,Peer_Comparison,Indiamart Inter.
7,8.0,Indoco Remedies,280.05,45.21,2580.67,242.56,12.22,5.81,2.5,3.64,58.69,0.29,293670.0,-2.09,-206.72,24.17,6.19,INDOCO,Peer_Comparison,Indoco Remedies
7,8.0,Infibeam Avenues,85.35,212.11,5680.27,-49.9,-13.89,2.39,1.45,1.45,32.47,0.01,1565538.0,4.64,29.67,19.32,0.4,INFIBEAM,Peer_Comparison,Infibeam Avenues
1,2.0,Ingersoll-Rand,637.75,29.08,2013.25,-19.45,-13.54,28.45,20.48,20.84,79.52,0.01,28442.0,3.51,1230.83,20.45,21.93,INGERRAND,Peer_Comparison,Ingersoll-Rand
7,8.0,J B Chem & Pharm,1022.2,25.19,7899.78,-26.03,-3.82,21.81,16.98,17.44,55.91,0.02,92634.0,1.33,833.01,24.17,39.29,JBCHEPHARM,Peer_Comparison,J B Chem & Pharm
7,8.0,JK Lakshmi Cem.,340.7,14.58,4009.02,75.52,11.68,15.94,6.65,14.56,46.21,0.62,299320.0,1.06,396.9,18.8,23.36,JKLAKSHMI,Peer_Comparison,JK Lakshmi Cem.
1,2.0,JK Paper,103.4,5.53,1751.62,-48.95,-19.23,23.03,13.15,21.71,51.11,0.7,1159224.0,0.06,15.79,16.83,17.84,JKPAPER,Peer_Comparison,JK Paper
5,6.0,JK Tyre & Indust,79.8,250.63,1964.92,-69.19,6.91,8.15,4.06,11.29,56.23,1.07,2099699.0,-128.53,-699.19,29.26,0.34,JKTYRE,Peer_Comparison,JK Tyre & Indust
7,8.0,JTEKT India,86.15,,2106.2,-18.4,-9.35,6.03,3.85,4.81,75.0,0.09,380822.0,,,45.41,-0.7,JTEKTINDIA,Peer_Comparison,JTEKT India
5,6.0,Jai Corp,93.25,104.07,1664.04,-64.16,-16.55,3.76,2.1,2.38,73.01,0.15,2128417.0,-8.73,-125.72,22.61,0.9,JAICORPLTD,Peer_Comparison,Jai Corp
7,8.0,Jamna Auto Inds.,55.25,114.42,2201.51,74.31,-15.18,14.3,7.78,9.27,50.0,0.06,1771301.0,11.15,85.65,45.41,0.48,JAMNAAUTO,Peer_Comparison,Jamna Auto Inds.
7,8.0,Jindal Saw,76.9,9.35,2458.91,-77.28,-17.83,11.6,6.13,10.17,63.38,0.53,1903209.0,0.58,66.77,18.61,7.19,JINDALSAW,Peer_Comparison,Jindal Saw
6,7.0,Jindal Stain. Hi,132.8,15.34,3133.21,31.4,5.36,18.16,8.1,18.35,57.66,1.02,678934.0,0.06,9.19,18.61,9.14,JSLHISAR,Peer_Comparison,Jindal Stain. Hi
5,6.0,Jindal Stain.,66.85,65.05,3257.16,76.13,-0.45,12.44,2.15,5.07,68.12,1.05,741420.0,3.93,58.45,18.61,0.93,JSL,Peer_Comparison,Jindal Stain.
1,2.0,Johnson Con. Hit,2193.9,,5965.21,-2873.44,-17.66,14.99,9.4,13.1,74.25,0.28,19493.0,,,146.91,-7.94,JCHAC,Peer_Comparison,Johnson Con. Hit
2,3.0,Just Dial,617.4,14.21,3818.91,-38.46,-30.94,30.47,22.38,23.82,33.0,0.07,705374.0,0.75,501.8,38.46,41.78,JUSTDIAL,Peer_Comparison,Just Dial
4,5.0,Jyothy Labs,145.3,29.7,5335.54,13.98,7.63,18.53,14.63,20.02,62.89,0.09,1239970.0,11.04,863.84,36.13,4.89,JYOTHYLAB,Peer_Comparison,Jyothy Labs
2,3.0,KEI Industries,421.15,15.93,3784.26,-10.44,-15.71,28.04,15.53,22.33,40.34,0.17,142720.0,0.31,137.86,25.52,27.53,KEI,Peer_Comparison,KEI Industries
3,4.0,KRBL,250.95,10.09,5907.11,31.76,27.36,20.96,14.25,19.17,59.46,0.05,691950.0,0.69,276.52,40.06,24.87,KRBL,Peer_Comparison,KRBL
0,1.0,KSB,631.85,22.51,2199.47,84.45,-0.96,16.29,10.59,11.88,66.41,0.08,47359.0,3.5,1569.83,15.83,28.07,KSB,Peer_Comparison,KSB
1,2.0,Kalpataru Power,319.9,10.75,4763.61,16.86,-4.32,19.98,9.7,13.34,55.29,0.27,1331437.0,0.49,238.64,16.21,30.51,KALPATPOWR,Peer_Comparison,Kalpataru Power
7,8.0,Kaveri Seed Co.,528.05,9.72,3185.68,206.49,7.66,22.21,21.07,21.36,56.35,0.0,1401438.0,-1.44,-1250.15,22.71,54.26,KSCL,Peer_Comparison,Kaveri Seed Co.
1,2.0,La Opala RG,225.0,57.45,2497.5,-70.2,-37.53,18.92,15.12,15.26,65.64,0.0,227591.0,3.97,249.02,71.85,3.92,LAOPALA,Peer_Comparison,La Opala RG
0,1.0,Lak. Mach. Works,4594.55,430.18,4908.36,-22.78,-7.81,3.45,2.39,2.47,31.11,0.0,9404.0,-15.41,-522.63,28.91,2.12,LAXMIMACH,Peer_Comparison,Lak. Mach. Works
0,1.0,Laurus Labs,328.4,29.99,17602.08,299.04,59.71,14.44,9.47,15.72,32.13,0.41,2342722.0,1.02,178.44,29.45,10.97,LAURUSLABS,Peer_Comparison,Laurus Labs
3,4.0,Lemon Tree Hotel,44.15,1010.92,3497.77,-236.51,-74.14,6.1,2.19,3.08,31.13,0.48,3671224.0,42.48,27.18,51.64,0.04,LEMONTREE,Peer_Comparison,Lemon Tree Hotel
7,8.0,Linde India,943.95,67.92,8050.01,-6.01,-9.61,10.52,4.83,6.85,75.0,0.01,113754.0,0.37,502.14,21.71,85.33,LINDEINDIA,Peer_Comparison,Linde India
0,1.0,Lux Industries,1554.7,26.67,3926.08,23.04,7.97,29.55,20.4,27.69,69.51,0.11,39972.0,1.17,1090.47,22.2,58.29,LUXIND,Peer_Comparison,Lux Industries
4,5.0,MOIL,145.3,31.92,3448.37,-91.73,21.37,11.4,8.26,8.31,64.35,0.0,605322.0,-2.98,-148.3,17.27,3.11,MOIL,Peer_Comparison,MOIL
7,8.0,Mah. Scooters,3609.7,36.61,4125.89,-97.23,-28.97,1.96,1.84,1.84,51.0,0.0,8363.0,1.24,1952.27,16.69,98.62,MAHSCOOTER,Peer_Comparison,Mah. Scooters
4,5.0,Mah. Seamless,312.05,8.05,2090.72,-54.01,-26.62,13.79,-27.33,-33.18,63.04,0.24,116467.0,,,15.32,-22.7,MAHSEAMLES,Peer_Comparison,Mah. Seamless
4,5.0,Mahindra Holiday,206.15,,2753.21,88.55,-20.45,44.37,-2.06,-45.42,67.63,0.67,148321.0,,,51.64,-6.27,MHRIL,Peer_Comparison,Mahindra Holiday
2,3.0,Mahindra Logis.,407.65,115.37,2921.23,27.23,-3.63,18.26,9.26,10.59,58.4,0.29,118923.0,18.05,1022.62,24.81,3.54,MAHLOG,Peer_Comparison,Mahindra Logis.
7,8.0,Minda Corp,92.95,48.05,2222.24,-32.4,20.18,14.97,2.69,3.8,69.53,0.46,1925487.0,50.05,-10955.4,45.41,-13.68,MINDACORP,Peer_Comparison,Minda Corp
1,2.0,Mishra Dhatu Nig,200.35,28.32,3753.36,-9.15,-3.78,20.58,10.1,17.81,74.0,0.15,516993.0,,,15.32,7.07,MIDHANI,Peer_Comparison,Mishra Dhatu Nig
7,8.0,NESCO,540.65,18.51,3809.42,-56.1,-46.78,23.65,17.21,18.54,68.53,0.0,106915.0,0.97,452.21,22.71,29.21,NESCO,Peer_Comparison,NESCO
7,8.0,NOCIL,141.0,32.77,2341.52,-69.87,5.65,12.9,10.84,11.03,33.98,0.0,936492.0,1.88,129.73,21.71,4.31,NOCIL,Peer_Comparison,NOCIL
6,7.0,Narayana Hrudaya,394.9,,8070.21,-269.57,-41.32,9.45,3.92,5.97,64.31,0.49,131029.0,,,48.94,-4.24,NH,Peer_Comparison,Narayana Hrudaya
4,5.0,Natl.Fertilizer,37.7,4.07,1849.49,255.06,-15.05,5.79,1.67,9.73,74.71,2.81,1308291.0,0.08,1.71,15.18,1.34,NFL,Peer_Comparison,Natl.Fertilizer
4,5.0,Nilkamal Ltd,1429.95,29.28,2133.49,15.6,-9.14,18.45,10.67,12.85,64.33,0.07,12449.0,1.34,1045.04,22.61,48.83,NILKAMAL,Peer_Comparison,Nilkamal Ltd
5,6.0,Orient Electric,221.3,78.31,4695.67,558.94,-0.2,29.42,15.81,23.66,38.51,0.17,269086.0,,,54.01,2.83,ORIENTELEC,Peer_Comparison,Orient Electric
0,1.0,Orient Refrac.,225.9,39.31,2713.94,-21.45,0.04,29.28,21.69,21.73,66.49,0.0,119092.0,3.67,337.99,25.03,5.75,ORIENTREF,Peer_Comparison,Orient Refrac.
6,7.0,PTC India,61.75,5.12,1827.86,23.2,18.41,11.15,7.41,9.38,16.22,0.16,2499963.0,0.69,133.47,44.59,12.04,PTC,Peer_Comparison,PTC India
6,7.0,Persistent Sys,1283.95,21.49,9812.59,10.1,18.83,22.97,17.23,17.51,32.21,0.01,162887.0,2.29,2189.87,19.32,59.74,PERSISTENT,Peer_Comparison,Persistent Sys
7,8.0,Phillips Carbon,167.9,14.35,2893.55,-25.31,-23.07,16.75,11.7,17.03,53.56,0.27,837357.0,0.17,31.16,21.71,11.7,PHILIPCARB,Peer_Comparison,Phillips Carbon
7,8.0,Poly Medicure,532.65,45.18,4700.48,23.02,16.55,24.52,15.8,22.81,48.76,0.27,227448.0,2.95,556.68,48.94,11.79,POLYMED,Peer_Comparison,Poly Medicure
2,3.0,Polyplex Corpn,764.1,16.0,2398.7,168.96,7.34,40.59,29.3,39.22,50.97,0.24,70697.0,0.26,192.85,10.34,47.21,POLYPLEX,Peer_Comparison,Polyplex Corpn
6,7.0,Praj Industries,114.35,56.11,2094.58,-62.08,-16.76,11.87,9.29,9.58,32.92,0.0,5609226.0,15.0,403.27,21.17,1.68,PRAJIND,Peer_Comparison,Praj Industries
7,8.0,Prism Johnson,90.75,3904.26,4567.99,814.58,-8.26,12.31,1.89,5.41,74.87,1.49,912068.0,141.56,-362.4,18.8,-0.16,PRSMJOHNSN,Peer_Comparison,Prism Johnson
5,6.0,P & G Health Ltd,6695.15,57.65,11113.95,65.72,17.23,29.28,20.38,20.96,51.82,0.0,9353.0,1.35,2506.49,55.43,116.14,PGHL,Peer_Comparison,P & G Health Ltd
0,1.0,Quess Corp,489.9,563.3,7232.78,-94.12,-3.51,10.08,4.42,5.93,55.25,0.16,146664.0,30.38,-14549.79,28.31,-29.93,QUESS,Peer_Comparison,Quess Corp
2,3.0,Rites,259.8,13.51,6243.04,-43.8,-41.84,33.18,22.0,24.0,72.2,0.0,471330.0,0.97,287.59,10.14,18.48,RITES,Peer_Comparison,Rites
2,3.0,Radico Khaitan,460.05,27.53,6143.61,-13.28,10.5,18.4,13.63,17.3,40.31,0.19,221388.0,1.02,258.33,14.14,15.77,RADICO,Peer_Comparison,Radico Khaitan
4,5.0,Rain Industries,135.0,143.88,4540.73,129.89,-50.91,4.55,2.81,3.87,41.14,0.27,3177931.0,18.98,285.48,44.59,0.94,RAIN,Peer_Comparison,Rain Industries
3,4.0,Rallis India,290.0,28.21,5639.6,-4.75,-3.17,16.68,12.19,13.15,50.09,0.03,376637.0,6.95,1215.11,22.87,10.93,RALLIS,Peer_Comparison,Rallis India
4,5.0,R C F,56.05,7.58,3092.22,597.08,-5.69,7.52,3.56,8.84,75.0,0.67,5518957.0,-2.26,-224.87,7.14,6.23,RCF,Peer_Comparison,R C F
0,1.0,Ratnamani Metals,1575.9,26.81,7363.87,-25.83,-5.48,24.09,17.25,19.04,60.16,0.09,15652.0,2.19,2056.98,15.32,58.79,RATNAMANI,Peer_Comparison,Ratnamani Metals
5,6.0,Raymond,331.75,,2208.58,-206.51,-72.44,7.05,1.99,4.21,48.27,0.85,820001.0,,,12.87,-19.61,RAYMOND,Peer_Comparison,Raymond
3,4.0,Redington India,134.3,12.83,5225.45,-46.18,8.84,27.35,17.85,28.72,0.0,0.07,586099.0,0.56,93.45,44.59,10.47,REDINGTON,Peer_Comparison,Redington India
7,8.0,Schneider Elect.,89.65,,2143.53,167.57,17.7,3.58,-6.15,-26.05,75.0,,562421.0,,,23.31,-0.79,SCHNEIDER,Peer_Comparison,Schneider Elect.
4,5.0,Security & Intel,453.05,497.93,6677.19,-71.71,-4.1,13.83,6.22,11.55,73.71,0.61,120730.0,17.56,255.64,22.71,0.91,SIS,Peer_Comparison,Security & Intel
6,7.0,Sequent Scien.,167.55,148.25,4161.46,12.18,35.17,2.96,2.26,2.37,55.26,0.02,1345459.0,-7.57,-125.99,22.03,1.04,SEQUENT,Peer_Comparison,Sequent Scien.
7,8.0,Shilpa Medicare,479.7,17.74,3910.85,3.16,11.06,14.94,11.84,14.43,53.25,0.27,773753.0,0.95,477.33,22.03,31.33,SHILPAMED,Peer_Comparison,Shilpa Medicare
1,2.0,S C I,84.15,4.63,3919.71,331.92,-13.47,5.09,1.8,3.08,63.75,0.45,15234958.0,0.31,91.43,6.2,18.18,SCI,Peer_Comparison,S C I
1,2.0,Shoppers Stop,209.55,,2291.62,-1618.44,-65.41,10.06,-8.42,-25.28,63.86,,1078197.0,,,,-32.49,SHOPERSTOP,Peer_Comparison,Shoppers Stop
7,8.0,Solara Active,1249.25,28.5,4486.03,89.69,13.22,12.31,6.49,12.17,47.92,0.39,67966.0,,,24.17,53.88,SOLARA,Peer_Comparison,Solara Active
7,8.0,Sonata Software,351.35,17.28,3694.77,13.57,-3.23,61.71,42.34,46.62,28.51,0.0,751680.0,1.39,451.84,19.32,20.33,SONATSOFTW,Peer_Comparison,Sonata Software
1,2.0,SpiceJet,102.55,,6157.62,75.66,-62.93,-268.75,-21.14,,59.91,,20636469.0,,,2.57,-23.99,SPICEJET,Peer_Comparison,SpiceJet
7,8.0,Star Cement,93.75,21.55,3866.52,-30.79,3.02,21.87,16.29,20.16,67.17,0.1,248739.0,0.59,41.01,18.8,4.35,STARCEMENT,Peer_Comparison,Star Cement
7,8.0,Strides Pharma,794.75,123.12,7123.77,-70.89,-9.66,5.27,2.65,3.37,29.69,0.3,1082434.0,-45.94,-4748.39,24.17,6.46,STAR,Peer_Comparison,Strides Pharma
1,2.0,Sudarshan Chem.,494.35,30.01,3422.25,-36.1,3.38,17.38,13.33,21.87,42.66,0.65,299188.0,1.16,301.44,17.61,16.26,SUDARSCHEM,Peer_Comparison,Sudarshan Chem.
7,8.0,SPARC,185.95,,4872.77,-32.19,2.62,-181.82,-158.09,-229.58,68.47,,717359.0,,,22.71,-6.94,SPARC,Peer_Comparison,SPARC
7,8.0,Suprajit Engg.,199.55,27.66,2791.16,-7.89,13.2,20.38,15.12,19.2,44.57,0.19,197835.0,1.03,99.99,45.41,6.08,SUPRAJIT,Peer_Comparison,Suprajit Engg.
0,1.0,Supreme Petroch.,388.5,36.58,3652.7,138.84,3.76,18.35,15.02,15.49,63.96,0.07,92578.0,1.35,227.09,21.61,10.55,SUPPETRO,Peer_Comparison,Supreme Petroch.
7,8.0,Suven Pharma,417.5,42.21,10628.09,-27.35,-13.02,45.44,32.04,38.65,60.0,0.17,398809.0,,,24.17,2607.85,SUVENPHAR,Peer_Comparison,Suven Pharma
3,4.0,Swaraj Engines,1435.35,27.35,1741.85,6.81,31.23,39.29,29.47,29.99,52.18,0.0,17891.0,4.15,3485.53,22.15,52.49,SWARAJENG,Peer_Comparison,Swaraj Engines
0,1.0,TCI Express,888.2,49.5,3413.75,-10.0,-20.97,38.23,28.89,29.55,66.79,0.01,37873.0,,,49.5,17.97,TCIEXP,Peer_Comparison,TCI Express
4,5.0,TCNS Clothing Co,418.95,,2576.98,-255.96,-55.08,12.58,8.21,10.75,32.33,0.63,35212.0,,,12.87,-6.78,TCNSBRANDS,Peer_Comparison,TCNS Clothing Co
4,5.0,Tasty Bite Eat.,11368.05,85.29,2917.04,-3.56,-14.1,28.33,19.79,27.84,74.23,0.4,1955.0,2.78,5934.07,40.06,133.28,TASTYBITE,Peer_Comparison,Tasty Bite Eat.
3,4.0,Tata Coffee,108.5,35.77,2026.46,-26.85,-0.03,7.16,5.44,6.11,57.48,0.07,1224244.0,-3.93,-206.06,9.5,3.28,TATACOFFEE,Peer_Comparison,Tata Coffee
5,6.0,Tata Elxsi,1600.15,32.65,9965.16,58.36,11.49,34.96,24.36,25.65,44.53,0.05,317513.0,1.6,1253.45,19.32,49.02,TATAELXSI,Peer_Comparison,Tata Elxsi
4,5.0,Tata Steel BSL,38.55,,4215.21,228.21,21.18,2.66,-2.14,-4.2,72.65,0.96,4363229.0,,,18.61,-7.65,TATASTLBSL,Peer_Comparison,Tata Steel BSL
7,8.0,Team Lease Serv.,2662.65,123.4,4552.27,-8.42,-11.74,17.19,6.18,7.58,40.06,0.14,25904.0,23.78,8209.55,22.71,21.58,TEAMLEASE,Peer_Comparison,Team Lease Serv.
7,8.0,Thyrocare Tech.,1014.15,55.49,5362.26,22.28,37.68,36.25,24.17,24.88,66.11,0.02,63369.0,3.24,608.12,48.94,11.74,THYROCARE,Peer_Comparison,Thyrocare Tech.
0,1.0,Timken India,1119.55,42.34,8421.11,0.28,-2.23,20.85,15.83,16.87,67.8,0.02,25280.0,1.7,717.9,35.38,26.44,TIMKEN,Peer_Comparison,Timken India
1,2.0,Uflex,378.95,12.65,2736.4,309.63,17.31,10.08,4.04,6.51,44.02,0.46,169245.0,2.77,1329.8,10.34,29.96,UFLEX,Peer_Comparison,Uflex
2,3.0,V-Mart Retail,2415.35,,4390.03,-5.1,-44.13,17.68,6.87,11.1,50.8,1.32,57021.0,,,84.18,-1.53,VMART,Peer_Comparison,V-Mart Retail
0,1.0,V I P Inds.,365.5,,5165.15,-173.78,-75.3,26.88,16.7,22.31,53.46,0.46,336352.0,,,,-3.04,VIPIND,Peer_Comparison,V I P Inds.
4,5.0,VRL Logistics,207.9,,1878.24,-11.06,-16.14,15.73,9.72,14.75,68.05,0.61,741593.0,,,24.81,-0.43,VRLLOG,Peer_Comparison,VRL Logistics
1,2.0,VST Industries,3903.4,19.05,6026.85,16.01,0.32,57.89,40.81,41.89,32.16,0.0,9579.0,1.2,3934.55,15.17,204.86,VSTIND,Peer_Comparison,VST Industries
2,3.0,Vaibhav Global,2080.5,54.74,6762.0,57.55,3.09,22.32,20.34,22.83,58.41,0.08,15187.0,1.65,1006.19,26.37,38.21,VAIBHAVGBL,Peer_Comparison,Vaibhav Global
0,1.0,Vakrangee,50.6,85.09,5360.59,0.59,-64.78,2.95,2.32,2.33,42.6,0.0,9561375.0,-3.0,-30.76,36.71,0.64,VAKRANGEE,Peer_Comparison,Vakrangee
0,1.0,Vardhman Textile,988.65,18.16,5686.59,-58.71,-1.28,8.78,6.44,9.11,62.24,0.28,87181.0,2.4,2086.82,15.88,54.44,VTL,Peer_Comparison,Vardhman Textile
7,8.0,Varroc Engineer,406.9,111.56,5485.48,1.15,10.08,10.32,6.16,8.81,85.0,0.45,163596.0,6.18,360.95,45.41,3.65,VARROC,Peer_Comparison,Varroc Engineer
7,8.0,Venky's (India),1710.45,,2409.57,167.55,-13.82,-1.81,-2.39,-3.23,56.11,0.27,155360.0,,,22.71,-13.66,VENKEYS,Peer_Comparison,Venky's (India)
2,3.0,Welspun Corp,129.8,4.18,3386.28,1708.45,26.89,23.28,11.19,17.97,48.22,0.07,1854175.0,0.08,38.55,15.32,31.09,WELCORP,Peer_Comparison,Welspun Corp
0,1.0,Welspun India,74.05,22.74,7439.99,-7.98,5.14,13.11,8.34,16.57,70.0,0.54,788051.0,-7.41,-426.65,12.87,3.6,WELSPUNIND,Peer_Comparison,Welspun India
0,1.0,Westlife Develop,425.6,,6628.04,-37.5,-37.5,-0.07,-0.06,-0.07,59.12,0.0,206390.0,,,,-0.02,WESTLIFE,Peer_Comparison,Westlife Develop
7,8.0,Wockhardt,507.1,,5616.49,-82071.43,-3.29,-5.27,-6.19,-18.83,72.12,0.99,2809943.0,,,24.17,50.63,WOCKPHARMA,Peer_Comparison,Wockhardt
7,8.0,Zensar Tech.,244.85,22.25,5520.39,-1.17,-4.08,20.57,13.46,14.5,49.23,0.14,726528.0,5.44,957.46,19.32,11.0,ZENSARTECH,Peer_Comparison,Zensar Tech.
7,8.0,eClerx Services,814.5,13.9,2841.76,209.05,4.06,19.71,11.94,12.96,55.2,0.12,247158.0,-2.23,-1976.21,19.32,55.27,ECLERX,Peer_Comparison,eClerx Services
